prediction_generated_at,source_snapshot_at,region,target_metric,horizon_label,horizon_minutes,model_name,alpha,current_value,predicted_residual,predicted_value
2026-04-11T14:30:22Z,2026-04-12T00:25:00+10:00,NSW1,price,5m,5,lightgbm_residual_blend,1.0,76.91,-1.422359525806775,75.48764047419323
2026-04-11T14:30:22Z,2026-04-12T00:25:00+10:00,NSW1,price,15m,15,lightgbm_residual_blend,1.0,76.91,-4.0370719692766555,72.87292803072334
2026-04-11T14:30:22Z,2026-04-12T00:25:00+10:00,NSW1,price,30m,30,lightgbm_residual_blend,0.9500000000000001,76.91,-4.931109750424061,72.22544573709713
2026-04-11T14:30:22Z,2026-04-12T00:25:00+10:00,NSW1,demand,5m,5,lightgbm_residual_blend,1.0,6829.56,-12.243020902053566,6817.316979097946
2026-04-11T14:30:22Z,2026-04-12T00:25:00+10:00,NSW1,demand,15m,15,lightgbm_residual_blend,1.0,6829.56,-18.267242571803585,6811.292757428197
2026-04-11T14:30:22Z,2026-04-12T00:25:00+10:00,NSW1,demand,30m,30,lightgbm_residual_blend,1.0,6829.56,-42.0807160535087,6787.479283946492
2026-04-11T14:30:22Z,2026-04-12T00:25:00+10:00,NSW1,gen_wind,5m,5,lightgbm_residual_blend,1.0,1580.68,-0.504802804385162,1580.1751971956148
2026-04-11T14:30:22Z,2026-04-12T00:25:00+10:00,NSW1,gen_wind,15m,15,lightgbm_residual_blend,0.9,1580.68,4.4297646138280795,1584.6667881524454
2026-04-11T14:30:22Z,2026-04-12T00:25:00+10:00,NSW1,gen_wind,30m,30,lightgbm_residual_blend,0.8500000000000001,1580.68,5.323365176301029,1585.204860399856
2026-04-11T14:30:22Z,2026-04-12T00:25:00+10:00,NSW1,gen_coal_black,5m,5,lightgbm_residual_blend,1.0,5291.8502,1.794385278837004,5293.6445852788365
2026-04-11T14:30:22Z,2026-04-12T00:25:00+10:00,NSW1,gen_coal_black,15m,15,lightgbm_residual_blend,1.0,5291.8502,-11.18251112673101,5280.667688873269
2026-04-11T14:30:22Z,2026-04-12T00:25:00+10:00,NSW1,gen_coal_black,30m,30,lightgbm_residual_blend,1.0,5291.8502,-34.01681440580047,5257.833385594199
2026-04-11T14:30:22Z,2026-04-12T00:25:00+10:00,NSW1,gen_coal_brown,5m,5,lightgbm_residual_blend,0.0,0.0,0.0,0.0
2026-04-11T14:30:22Z,2026-04-12T00:25:00+10:00,NSW1,gen_coal_brown,15m,15,lightgbm_residual_blend,0.0,0.0,0.0,0.0
2026-04-11T14:30:22Z,2026-04-12T00:25:00+10:00,NSW1,gen_coal_brown,30m,30,lightgbm_residual_blend,0.0,0.0,0.0,0.0
2026-04-11T14:30:22Z,2026-04-12T00:25:00+10:00,QLD1,price,5m,5,lightgbm_residual_blend,1.0,85.83,3.93507405755878,89.76507405755878
2026-04-11T14:30:22Z,2026-04-12T00:25:00+10:00,QLD1,price,15m,15,lightgbm_residual_blend,1.0,85.83,2.258159897197204,88.0881598971972
2026-04-11T14:30:22Z,2026-04-12T00:25:00+10:00,QLD1,price,30m,30,lightgbm_residual_blend,1.0,85.83,-1.1423153795510448,84.68768462044895
2026-04-11T14:30:22Z,2026-04-12T00:25:00+10:00,QLD1,demand,5m,5,lightgbm_residual_blend,1.0,6116.72,3.5473497710630153,6120.267349771063
2026-04-11T14:30:22Z,2026-04-12T00:25:00+10:00,QLD1,demand,15m,15,lightgbm_residual_blend,1.0,6116.72,-7.241365571738328,6109.478634428262
2026-04-11T14:30:22Z,2026-04-12T00:25:00+10:00,QLD1,demand,30m,30,lightgbm_residual_blend,1.0,6116.72,1.339210860485743,6118.059210860486
2026-04-11T14:30:22Z,2026-04-12T00:25:00+10:00,QLD1,gen_wind,5m,5,lightgbm_residual_blend,1.0,820.074,10.340772710845501,830.4147727108455
2026-04-11T14:30:22Z,2026-04-12T00:25:00+10:00,QLD1,gen_wind,15m,15,lightgbm_residual_blend,0.9500000000000001,820.074,6.615273564612121,826.3585098863815
2026-04-11T14:30:22Z,2026-04-12T00:25:00+10:00,QLD1,gen_wind,30m,30,lightgbm_residual_blend,0.9,820.074,-4.245302071823311,816.253228135359
2026-04-11T14:30:22Z,2026-04-12T00:25:00+10:00,QLD1,gen_coal_black,5m,5,lightgbm_residual_blend,0.9,4515.3134,-29.77823222891078,4488.512990993981
2026-04-11T14:30:22Z,2026-04-12T00:25:00+10:00,QLD1,gen_coal_black,15m,15,lightgbm_residual_blend,0.9500000000000001,4515.3134,-45.03855608278653,4472.526771721353
2026-04-11T14:30:22Z,2026-04-12T00:25:00+10:00,QLD1,gen_coal_black,30m,30,lightgbm_residual_blend,0.9500000000000001,4515.3134,-59.858977419006045,4458.4473714519445
2026-04-11T14:30:22Z,2026-04-12T00:25:00+10:00,QLD1,gen_coal_brown,5m,5,lightgbm_residual_blend,0.0,0.0,0.0,0.0
2026-04-11T14:30:22Z,2026-04-12T00:25:00+10:00,QLD1,gen_coal_brown,15m,15,lightgbm_residual_blend,0.0,0.0,0.0,0.0
2026-04-11T14:30:22Z,2026-04-12T00:25:00+10:00,QLD1,gen_coal_brown,30m,30,lightgbm_residual_blend,0.0,0.0,0.0,0.0
2026-04-11T14:30:22Z,2026-04-12T00:25:00+10:00,SA1,price,5m,5,lightgbm_residual_blend,1.0,-2.3,0.03542372624425637,-2.2645762737557433
2026-04-11T14:30:22Z,2026-04-12T00:25:00+10:00,SA1,price,15m,15,lightgbm_residual_blend,1.0,-2.3,0.09060567153665162,-2.209394328463348
2026-04-11T14:30:22Z,2026-04-12T00:25:00+10:00,SA1,price,30m,30,lightgbm_residual_blend,1.0,-2.3,0.5965813483504242,-1.7034186516495757
2026-04-11T14:30:22Z,2026-04-12T00:25:00+10:00,SA1,demand,5m,5,lightgbm_residual_blend,1.0,1444.44,-2.498767860169143,1441.9412321398308
2026-04-11T14:30:22Z,2026-04-12T00:25:00+10:00,SA1,demand,15m,15,lightgbm_residual_blend,1.0,1444.44,-7.807335733914909,1436.6326642660852
2026-04-11T14:30:22Z,2026-04-12T00:25:00+10:00,SA1,demand,30m,30,lightgbm_residual_blend,1.0,1444.44,-15.705702077538502,1428.7342979224616
2026-04-11T14:30:22Z,2026-04-12T00:25:00+10:00,SA1,gen_wind,5m,5,lightgbm_residual_blend,1.0,1479.6362,5.30673669805597,1484.942936698056
2026-04-11T14:30:22Z,2026-04-12T00:25:00+10:00,SA1,gen_wind,15m,15,lightgbm_residual_blend,1.0,1479.6362,-3.4574222993126438,1476.1787777006873
2026-04-11T14:30:22Z,2026-04-12T00:25:00+10:00,SA1,gen_wind,30m,30,lightgbm_residual_blend,1.0,1479.6362,-41.433640714929155,1438.2025592850707
2026-04-11T14:30:22Z,2026-04-12T00:25:00+10:00,SA1,gen_coal_black,5m,5,lightgbm_residual_blend,0.0,0.0,0.0,0.0
2026-04-11T14:30:22Z,2026-04-12T00:25:00+10:00,SA1,gen_coal_black,15m,15,lightgbm_residual_blend,0.0,0.0,0.0,0.0
2026-04-11T14:30:22Z,2026-04-12T00:25:00+10:00,SA1,gen_coal_black,30m,30,lightgbm_residual_blend,0.0,0.0,0.0,0.0
2026-04-11T14:30:22Z,2026-04-12T00:25:00+10:00,SA1,gen_coal_brown,5m,5,lightgbm_residual_blend,0.0,0.0,0.0,0.0
2026-04-11T14:30:22Z,2026-04-12T00:25:00+10:00,SA1,gen_coal_brown,15m,15,lightgbm_residual_blend,0.0,0.0,0.0,0.0
2026-04-11T14:30:22Z,2026-04-12T00:25:00+10:00,SA1,gen_coal_brown,30m,30,lightgbm_residual_blend,0.0,0.0,0.0,0.0
2026-04-11T14:30:22Z,2026-04-12T00:25:00+10:00,TAS1,price,5m,5,lightgbm_residual_blend,1.0,69.22,0.0026084802540784053,69.22260848025408
2026-04-11T14:30:22Z,2026-04-12T00:25:00+10:00,TAS1,price,15m,15,lightgbm_residual_blend,1.0,69.22,-0.007250878530293862,69.2127491214697
2026-04-11T14:30:22Z,2026-04-12T00:25:00+10:00,TAS1,price,30m,30,lightgbm_residual_blend,1.0,69.22,-0.21249485726667372,69.00750514273332
2026-04-11T14:30:22Z,2026-04-12T00:25:00+10:00,TAS1,demand,5m,5,lightgbm_residual_blend,1.0,928.2,-0.8457421874812686,927.3542578125188
2026-04-11T14:30:22Z,2026-04-12T00:25:00+10:00,TAS1,demand,15m,15,lightgbm_residual_blend,1.0,928.2,-2.606913985254289,925.5930860147457
2026-04-11T14:30:22Z,2026-04-12T00:25:00+10:00,TAS1,demand,30m,30,lightgbm_residual_blend,1.0,928.2,-8.447606050345398,919.7523939496547
2026-04-11T14:30:22Z,2026-04-12T00:25:00+10:00,TAS1,gen_wind,5m,5,lightgbm_residual_blend,0.55,489.5573,-0.39125990710710173,489.3421070510911
2026-04-11T14:30:22Z,2026-04-12T00:25:00+10:00,TAS1,gen_wind,15m,15,lightgbm_residual_blend,0.8,489.5573,2.0804718764237133,491.22167750113897
2026-04-11T14:30:22Z,2026-04-12T00:25:00+10:00,TAS1,gen_wind,30m,30,lightgbm_residual_blend,0.8500000000000001,489.5573,-2.418769523914386,487.50134590467275
2026-04-11T14:30:22Z,2026-04-12T00:25:00+10:00,TAS1,gen_coal_black,5m,5,lightgbm_residual_blend,0.0,0.0,0.0,0.0
2026-04-11T14:30:22Z,2026-04-12T00:25:00+10:00,TAS1,gen_coal_black,15m,15,lightgbm_residual_blend,0.0,0.0,0.0,0.0
2026-04-11T14:30:22Z,2026-04-12T00:25:00+10:00,TAS1,gen_coal_black,30m,30,lightgbm_residual_blend,0.0,0.0,0.0,0.0
2026-04-11T14:30:22Z,2026-04-12T00:25:00+10:00,TAS1,gen_coal_brown,5m,5,lightgbm_residual_blend,0.0,0.0,0.0,0.0
2026-04-11T14:30:22Z,2026-04-12T00:25:00+10:00,TAS1,gen_coal_brown,15m,15,lightgbm_residual_blend,0.0,0.0,0.0,0.0
2026-04-11T14:30:22Z,2026-04-12T00:25:00+10:00,TAS1,gen_coal_brown,30m,30,lightgbm_residual_blend,0.0,0.0,0.0,0.0
2026-04-11T14:30:22Z,2026-04-12T00:25:00+10:00,VIC1,price,5m,5,lightgbm_residual_blend,1.0,-2.5,-0.01041824739938622,-2.5104182473993863
2026-04-11T14:30:22Z,2026-04-12T00:25:00+10:00,VIC1,price,15m,15,lightgbm_residual_blend,1.0,-2.5,-0.3040687265355079,-2.8040687265355078
2026-04-11T14:30:22Z,2026-04-12T00:25:00+10:00,VIC1,price,30m,30,lightgbm_residual_blend,1.0,-2.5,-0.2713347781342962,-2.771334778134296
2026-04-11T14:30:22Z,2026-04-12T00:25:00+10:00,VIC1,demand,5m,5,lightgbm_residual_blend,1.0,4610.11,-8.42636097003405,4601.683639029966
2026-04-11T14:30:22Z,2026-04-12T00:25:00+10:00,VIC1,demand,15m,15,lightgbm_residual_blend,1.0,4610.11,-9.322230088400664,4600.787769911599
2026-04-11T14:30:22Z,2026-04-12T00:25:00+10:00,VIC1,demand,30m,30,lightgbm_residual_blend,1.0,4610.11,-15.262741458432725,4594.847258541567
2026-04-11T14:30:22Z,2026-04-12T00:25:00+10:00,VIC1,gen_wind,5m,5,lightgbm_residual_blend,1.0,2780.5814,19.386184311286463,2799.9675843112864
2026-04-11T14:30:22Z,2026-04-12T00:25:00+10:00,VIC1,gen_wind,15m,15,lightgbm_residual_blend,1.0,2780.5814,-14.530542952185998,2766.050857047814
2026-04-11T14:30:22Z,2026-04-12T00:25:00+10:00,VIC1,gen_wind,30m,30,lightgbm_residual_blend,1.0,2780.5814,-59.51432255393334,2721.067077446067
2026-04-11T14:30:22Z,2026-04-12T00:25:00+10:00,VIC1,gen_coal_black,5m,5,lightgbm_residual_blend,0.0,0.0,0.0,0.0
2026-04-11T14:30:22Z,2026-04-12T00:25:00+10:00,VIC1,gen_coal_black,15m,15,lightgbm_residual_blend,0.0,0.0,0.0,0.0
2026-04-11T14:30:22Z,2026-04-12T00:25:00+10:00,VIC1,gen_coal_black,30m,30,lightgbm_residual_blend,0.0,0.0,0.0,0.0
2026-04-11T14:30:22Z,2026-04-12T00:25:00+10:00,VIC1,gen_coal_brown,5m,5,lightgbm_residual_blend,1.0,2680.3438,-6.606451812452177,2673.737348187548
2026-04-11T14:30:22Z,2026-04-12T00:25:00+10:00,VIC1,gen_coal_brown,15m,15,lightgbm_residual_blend,1.0,2680.3438,-12.312819072617803,2668.030980927382
2026-04-11T14:30:22Z,2026-04-12T00:25:00+10:00,VIC1,gen_coal_brown,30m,30,lightgbm_residual_blend,1.0,2680.3438,-39.15597312916557,2641.1878268708347
2026-04-11T14:32:40Z,2026-04-12T00:25:00+10:00,NSW1,price,5m,5,lightgbm_residual_blend,1.0,76.91,-1.422359525806775,75.48764047419323
2026-04-11T14:32:40Z,2026-04-12T00:25:00+10:00,NSW1,price,15m,15,lightgbm_residual_blend,1.0,76.91,-4.0370719692766555,72.87292803072334
2026-04-11T14:32:40Z,2026-04-12T00:25:00+10:00,NSW1,price,30m,30,lightgbm_residual_blend,0.9500000000000001,76.91,-4.931109750424061,72.22544573709713
2026-04-11T14:32:40Z,2026-04-12T00:25:00+10:00,NSW1,demand,5m,5,lightgbm_residual_blend,1.0,6829.56,-12.243020902053566,6817.316979097946
2026-04-11T14:32:40Z,2026-04-12T00:25:00+10:00,NSW1,demand,15m,15,lightgbm_residual_blend,1.0,6829.56,-18.267242571803585,6811.292757428197
2026-04-11T14:32:40Z,2026-04-12T00:25:00+10:00,NSW1,demand,30m,30,lightgbm_residual_blend,1.0,6829.56,-42.0807160535087,6787.479283946492
2026-04-11T14:32:40Z,2026-04-12T00:25:00+10:00,NSW1,gen_wind,5m,5,lightgbm_residual_blend,1.0,1580.68,-0.504802804385162,1580.1751971956148
2026-04-11T14:32:40Z,2026-04-12T00:25:00+10:00,NSW1,gen_wind,15m,15,lightgbm_residual_blend,0.9,1580.68,4.4297646138280795,1584.6667881524454
2026-04-11T14:32:40Z,2026-04-12T00:25:00+10:00,NSW1,gen_wind,30m,30,lightgbm_residual_blend,0.8500000000000001,1580.68,5.323365176301029,1585.204860399856
2026-04-11T14:32:40Z,2026-04-12T00:25:00+10:00,NSW1,gen_coal_black,5m,5,lightgbm_residual_blend,1.0,5291.8502,1.794385278837004,5293.6445852788365
2026-04-11T14:32:40Z,2026-04-12T00:25:00+10:00,NSW1,gen_coal_black,15m,15,lightgbm_residual_blend,1.0,5291.8502,-11.18251112673101,5280.667688873269
2026-04-11T14:32:40Z,2026-04-12T00:25:00+10:00,NSW1,gen_coal_black,30m,30,lightgbm_residual_blend,1.0,5291.8502,-34.01681440580047,5257.833385594199
2026-04-11T14:32:40Z,2026-04-12T00:25:00+10:00,NSW1,gen_coal_brown,5m,5,lightgbm_residual_blend,0.0,0.0,0.0,0.0
2026-04-11T14:32:40Z,2026-04-12T00:25:00+10:00,NSW1,gen_coal_brown,15m,15,lightgbm_residual_blend,0.0,0.0,0.0,0.0
2026-04-11T14:32:40Z,2026-04-12T00:25:00+10:00,NSW1,gen_coal_brown,30m,30,lightgbm_residual_blend,0.0,0.0,0.0,0.0
2026-04-11T14:32:40Z,2026-04-12T00:25:00+10:00,QLD1,price,5m,5,lightgbm_residual_blend,1.0,85.83,3.93507405755878,89.76507405755878
2026-04-11T14:32:40Z,2026-04-12T00:25:00+10:00,QLD1,price,15m,15,lightgbm_residual_blend,1.0,85.83,2.258159897197204,88.0881598971972
2026-04-11T14:32:40Z,2026-04-12T00:25:00+10:00,QLD1,price,30m,30,lightgbm_residual_blend,1.0,85.83,-1.1423153795510448,84.68768462044895
2026-04-11T14:32:40Z,2026-04-12T00:25:00+10:00,QLD1,demand,5m,5,lightgbm_residual_blend,1.0,6116.72,3.5473497710630153,6120.267349771063
2026-04-11T14:32:40Z,2026-04-12T00:25:00+10:00,QLD1,demand,15m,15,lightgbm_residual_blend,1.0,6116.72,-7.241365571738328,6109.478634428262
2026-04-11T14:32:40Z,2026-04-12T00:25:00+10:00,QLD1,demand,30m,30,lightgbm_residual_blend,1.0,6116.72,1.339210860485743,6118.059210860486
2026-04-11T14:32:40Z,2026-04-12T00:25:00+10:00,QLD1,gen_wind,5m,5,lightgbm_residual_blend,1.0,820.074,10.340772710845501,830.4147727108455
2026-04-11T14:32:40Z,2026-04-12T00:25:00+10:00,QLD1,gen_wind,15m,15,lightgbm_residual_blend,0.9500000000000001,820.074,6.615273564612121,826.3585098863815
2026-04-11T14:32:40Z,2026-04-12T00:25:00+10:00,QLD1,gen_wind,30m,30,lightgbm_residual_blend,0.9,820.074,-4.245302071823311,816.253228135359
2026-04-11T14:32:40Z,2026-04-12T00:25:00+10:00,QLD1,gen_coal_black,5m,5,lightgbm_residual_blend,0.9,4515.3134,-29.77823222891078,4488.512990993981
2026-04-11T14:32:40Z,2026-04-12T00:25:00+10:00,QLD1,gen_coal_black,15m,15,lightgbm_residual_blend,0.9500000000000001,4515.3134,-45.03855608278653,4472.526771721353
2026-04-11T14:32:40Z,2026-04-12T00:25:00+10:00,QLD1,gen_coal_black,30m,30,lightgbm_residual_blend,0.9500000000000001,4515.3134,-59.858977419006045,4458.4473714519445
2026-04-11T14:32:40Z,2026-04-12T00:25:00+10:00,QLD1,gen_coal_brown,5m,5,lightgbm_residual_blend,0.0,0.0,0.0,0.0
2026-04-11T14:32:40Z,2026-04-12T00:25:00+10:00,QLD1,gen_coal_brown,15m,15,lightgbm_residual_blend,0.0,0.0,0.0,0.0
2026-04-11T14:32:40Z,2026-04-12T00:25:00+10:00,QLD1,gen_coal_brown,30m,30,lightgbm_residual_blend,0.0,0.0,0.0,0.0
2026-04-11T14:32:40Z,2026-04-12T00:25:00+10:00,SA1,price,5m,5,lightgbm_residual_blend,1.0,-2.3,0.03542372624425637,-2.2645762737557433
2026-04-11T14:32:40Z,2026-04-12T00:25:00+10:00,SA1,price,15m,15,lightgbm_residual_blend,1.0,-2.3,0.09060567153665162,-2.209394328463348
2026-04-11T14:32:40Z,2026-04-12T00:25:00+10:00,SA1,price,30m,30,lightgbm_residual_blend,1.0,-2.3,0.5965813483504242,-1.7034186516495757
2026-04-11T14:32:40Z,2026-04-12T00:25:00+10:00,SA1,demand,5m,5,lightgbm_residual_blend,1.0,1444.44,-2.498767860169143,1441.9412321398308
2026-04-11T14:32:40Z,2026-04-12T00:25:00+10:00,SA1,demand,15m,15,lightgbm_residual_blend,1.0,1444.44,-7.807335733914909,1436.6326642660852
2026-04-11T14:32:40Z,2026-04-12T00:25:00+10:00,SA1,demand,30m,30,lightgbm_residual_blend,1.0,1444.44,-15.705702077538502,1428.7342979224616
2026-04-11T14:32:40Z,2026-04-12T00:25:00+10:00,SA1,gen_wind,5m,5,lightgbm_residual_blend,1.0,1479.6362,5.30673669805597,1484.942936698056
2026-04-11T14:32:40Z,2026-04-12T00:25:00+10:00,SA1,gen_wind,15m,15,lightgbm_residual_blend,1.0,1479.6362,-3.4574222993126438,1476.1787777006873
2026-04-11T14:32:40Z,2026-04-12T00:25:00+10:00,SA1,gen_wind,30m,30,lightgbm_residual_blend,1.0,1479.6362,-41.433640714929155,1438.2025592850707
2026-04-11T14:32:40Z,2026-04-12T00:25:00+10:00,SA1,gen_coal_black,5m,5,lightgbm_residual_blend,0.0,0.0,0.0,0.0
2026-04-11T14:32:40Z,2026-04-12T00:25:00+10:00,SA1,gen_coal_black,15m,15,lightgbm_residual_blend,0.0,0.0,0.0,0.0
2026-04-11T14:32:40Z,2026-04-12T00:25:00+10:00,SA1,gen_coal_black,30m,30,lightgbm_residual_blend,0.0,0.0,0.0,0.0
2026-04-11T14:32:40Z,2026-04-12T00:25:00+10:00,SA1,gen_coal_brown,5m,5,lightgbm_residual_blend,0.0,0.0,0.0,0.0
2026-04-11T14:32:40Z,2026-04-12T00:25:00+10:00,SA1,gen_coal_brown,15m,15,lightgbm_residual_blend,0.0,0.0,0.0,0.0
2026-04-11T14:32:40Z,2026-04-12T00:25:00+10:00,SA1,gen_coal_brown,30m,30,lightgbm_residual_blend,0.0,0.0,0.0,0.0
2026-04-11T14:32:40Z,2026-04-12T00:25:00+10:00,TAS1,price,5m,5,lightgbm_residual_blend,1.0,69.22,0.0026084802540784053,69.22260848025408
2026-04-11T14:32:40Z,2026-04-12T00:25:00+10:00,TAS1,price,15m,15,lightgbm_residual_blend,1.0,69.22,-0.007250878530293862,69.2127491214697
2026-04-11T14:32:40Z,2026-04-12T00:25:00+10:00,TAS1,price,30m,30,lightgbm_residual_blend,1.0,69.22,-0.21249485726667372,69.00750514273332
2026-04-11T14:32:40Z,2026-04-12T00:25:00+10:00,TAS1,demand,5m,5,lightgbm_residual_blend,1.0,928.2,-0.8457421874812686,927.3542578125188
2026-04-11T14:32:40Z,2026-04-12T00:25:00+10:00,TAS1,demand,15m,15,lightgbm_residual_blend,1.0,928.2,-2.606913985254289,925.5930860147457
2026-04-11T14:32:40Z,2026-04-12T00:25:00+10:00,TAS1,demand,30m,30,lightgbm_residual_blend,1.0,928.2,-8.447606050345398,919.7523939496547
2026-04-11T14:32:40Z,2026-04-12T00:25:00+10:00,TAS1,gen_wind,5m,5,lightgbm_residual_blend,0.55,489.5573,-0.39125990710710173,489.3421070510911
2026-04-11T14:32:40Z,2026-04-12T00:25:00+10:00,TAS1,gen_wind,15m,15,lightgbm_residual_blend,0.8,489.5573,2.0804718764237133,491.22167750113897
2026-04-11T14:32:40Z,2026-04-12T00:25:00+10:00,TAS1,gen_wind,30m,30,lightgbm_residual_blend,0.8500000000000001,489.5573,-2.418769523914386,487.50134590467275
2026-04-11T14:32:40Z,2026-04-12T00:25:00+10:00,TAS1,gen_coal_black,5m,5,lightgbm_residual_blend,0.0,0.0,0.0,0.0
2026-04-11T14:32:40Z,2026-04-12T00:25:00+10:00,TAS1,gen_coal_black,15m,15,lightgbm_residual_blend,0.0,0.0,0.0,0.0
2026-04-11T14:32:40Z,2026-04-12T00:25:00+10:00,TAS1,gen_coal_black,30m,30,lightgbm_residual_blend,0.0,0.0,0.0,0.0
2026-04-11T14:32:40Z,2026-04-12T00:25:00+10:00,TAS1,gen_coal_brown,5m,5,lightgbm_residual_blend,0.0,0.0,0.0,0.0
2026-04-11T14:32:40Z,2026-04-12T00:25:00+10:00,TAS1,gen_coal_brown,15m,15,lightgbm_residual_blend,0.0,0.0,0.0,0.0
2026-04-11T14:32:40Z,2026-04-12T00:25:00+10:00,TAS1,gen_coal_brown,30m,30,lightgbm_residual_blend,0.0,0.0,0.0,0.0
2026-04-11T14:32:40Z,2026-04-12T00:25:00+10:00,VIC1,price,5m,5,lightgbm_residual_blend,1.0,-2.5,-0.01041824739938622,-2.5104182473993863
2026-04-11T14:32:40Z,2026-04-12T00:25:00+10:00,VIC1,price,15m,15,lightgbm_residual_blend,1.0,-2.5,-0.3040687265355079,-2.8040687265355078
2026-04-11T14:32:40Z,2026-04-12T00:25:00+10:00,VIC1,price,30m,30,lightgbm_residual_blend,1.0,-2.5,-0.2713347781342962,-2.771334778134296
2026-04-11T14:32:40Z,2026-04-12T00:25:00+10:00,VIC1,demand,5m,5,lightgbm_residual_blend,1.0,4610.11,-8.42636097003405,4601.683639029966
2026-04-11T14:32:40Z,2026-04-12T00:25:00+10:00,VIC1,demand,15m,15,lightgbm_residual_blend,1.0,4610.11,-9.322230088400664,4600.787769911599
2026-04-11T14:32:40Z,2026-04-12T00:25:00+10:00,VIC1,demand,30m,30,lightgbm_residual_blend,1.0,4610.11,-15.262741458432725,4594.847258541567
2026-04-11T14:32:40Z,2026-04-12T00:25:00+10:00,VIC1,gen_wind,5m,5,lightgbm_residual_blend,1.0,2780.5814,19.386184311286463,2799.9675843112864
2026-04-11T14:32:40Z,2026-04-12T00:25:00+10:00,VIC1,gen_wind,15m,15,lightgbm_residual_blend,1.0,2780.5814,-14.530542952185998,2766.050857047814
2026-04-11T14:32:40Z,2026-04-12T00:25:00+10:00,VIC1,gen_wind,30m,30,lightgbm_residual_blend,1.0,2780.5814,-59.51432255393334,2721.067077446067
2026-04-11T14:32:40Z,2026-04-12T00:25:00+10:00,VIC1,gen_coal_black,5m,5,lightgbm_residual_blend,0.0,0.0,0.0,0.0
2026-04-11T14:32:40Z,2026-04-12T00:25:00+10:00,VIC1,gen_coal_black,15m,15,lightgbm_residual_blend,0.0,0.0,0.0,0.0
2026-04-11T14:32:40Z,2026-04-12T00:25:00+10:00,VIC1,gen_coal_black,30m,30,lightgbm_residual_blend,0.0,0.0,0.0,0.0
2026-04-11T14:32:40Z,2026-04-12T00:25:00+10:00,VIC1,gen_coal_brown,5m,5,lightgbm_residual_blend,1.0,2680.3438,-6.606451812452177,2673.737348187548
2026-04-11T14:32:40Z,2026-04-12T00:25:00+10:00,VIC1,gen_coal_brown,15m,15,lightgbm_residual_blend,1.0,2680.3438,-12.312819072617803,2668.030980927382
2026-04-11T14:32:40Z,2026-04-12T00:25:00+10:00,VIC1,gen_coal_brown,30m,30,lightgbm_residual_blend,1.0,2680.3438,-39.15597312916557,2641.1878268708347
2026-04-11T14:33:20Z,2026-04-12T00:25:00+10:00,NSW1,price,5m,5,lightgbm_residual_blend,1.0,76.91,-1.422359525806775,75.48764047419323
2026-04-11T14:33:20Z,2026-04-12T00:25:00+10:00,NSW1,price,15m,15,lightgbm_residual_blend,1.0,76.91,-4.0370719692766555,72.87292803072334
2026-04-11T14:33:20Z,2026-04-12T00:25:00+10:00,NSW1,price,30m,30,lightgbm_residual_blend,0.9500000000000001,76.91,-4.931109750424061,72.22544573709713
2026-04-11T14:33:20Z,2026-04-12T00:25:00+10:00,NSW1,demand,5m,5,lightgbm_residual_blend,1.0,6829.56,-12.243020902053566,6817.316979097946
2026-04-11T14:33:20Z,2026-04-12T00:25:00+10:00,NSW1,demand,15m,15,lightgbm_residual_blend,1.0,6829.56,-18.267242571803585,6811.292757428197
2026-04-11T14:33:20Z,2026-04-12T00:25:00+10:00,NSW1,demand,30m,30,lightgbm_residual_blend,1.0,6829.56,-42.0807160535087,6787.479283946492
2026-04-11T14:33:20Z,2026-04-12T00:25:00+10:00,NSW1,gen_wind,5m,5,lightgbm_residual_blend,1.0,1580.68,-0.504802804385162,1580.1751971956148
2026-04-11T14:33:20Z,2026-04-12T00:25:00+10:00,NSW1,gen_wind,15m,15,lightgbm_residual_blend,0.9,1580.68,4.4297646138280795,1584.6667881524454
2026-04-11T14:33:20Z,2026-04-12T00:25:00+10:00,NSW1,gen_wind,30m,30,lightgbm_residual_blend,0.8500000000000001,1580.68,5.323365176301029,1585.204860399856
2026-04-11T14:33:20Z,2026-04-12T00:25:00+10:00,NSW1,gen_coal_black,5m,5,lightgbm_residual_blend,1.0,5291.8502,1.794385278837004,5293.6445852788365
2026-04-11T14:33:20Z,2026-04-12T00:25:00+10:00,NSW1,gen_coal_black,15m,15,lightgbm_residual_blend,1.0,5291.8502,-11.18251112673101,5280.667688873269
2026-04-11T14:33:20Z,2026-04-12T00:25:00+10:00,NSW1,gen_coal_black,30m,30,lightgbm_residual_blend,1.0,5291.8502,-34.01681440580047,5257.833385594199
2026-04-11T14:33:20Z,2026-04-12T00:25:00+10:00,NSW1,gen_coal_brown,5m,5,lightgbm_residual_blend,0.0,0.0,0.0,0.0
2026-04-11T14:33:20Z,2026-04-12T00:25:00+10:00,NSW1,gen_coal_brown,15m,15,lightgbm_residual_blend,0.0,0.0,0.0,0.0
2026-04-11T14:33:20Z,2026-04-12T00:25:00+10:00,NSW1,gen_coal_brown,30m,30,lightgbm_residual_blend,0.0,0.0,0.0,0.0
2026-04-11T14:33:20Z,2026-04-12T00:25:00+10:00,QLD1,price,5m,5,lightgbm_residual_blend,1.0,85.83,3.93507405755878,89.76507405755878
2026-04-11T14:33:20Z,2026-04-12T00:25:00+10:00,QLD1,price,15m,15,lightgbm_residual_blend,1.0,85.83,2.258159897197204,88.0881598971972
2026-04-11T14:33:20Z,2026-04-12T00:25:00+10:00,QLD1,price,30m,30,lightgbm_residual_blend,1.0,85.83,-1.1423153795510448,84.68768462044895
2026-04-11T14:33:20Z,2026-04-12T00:25:00+10:00,QLD1,demand,5m,5,lightgbm_residual_blend,1.0,6116.72,3.5473497710630153,6120.267349771063
2026-04-11T14:33:20Z,2026-04-12T00:25:00+10:00,QLD1,demand,15m,15,lightgbm_residual_blend,1.0,6116.72,-7.241365571738328,6109.478634428262
2026-04-11T14:33:20Z,2026-04-12T00:25:00+10:00,QLD1,demand,30m,30,lightgbm_residual_blend,1.0,6116.72,1.339210860485743,6118.059210860486
2026-04-11T14:33:20Z,2026-04-12T00:25:00+10:00,QLD1,gen_wind,5m,5,lightgbm_residual_blend,1.0,820.074,10.340772710845501,830.4147727108455
2026-04-11T14:33:20Z,2026-04-12T00:25:00+10:00,QLD1,gen_wind,15m,15,lightgbm_residual_blend,0.9500000000000001,820.074,6.615273564612121,826.3585098863815
2026-04-11T14:33:20Z,2026-04-12T00:25:00+10:00,QLD1,gen_wind,30m,30,lightgbm_residual_blend,0.9,820.074,-4.245302071823311,816.253228135359
2026-04-11T14:33:20Z,2026-04-12T00:25:00+10:00,QLD1,gen_coal_black,5m,5,lightgbm_residual_blend,0.9,4515.3134,-29.77823222891078,4488.512990993981
2026-04-11T14:33:20Z,2026-04-12T00:25:00+10:00,QLD1,gen_coal_black,15m,15,lightgbm_residual_blend,0.9500000000000001,4515.3134,-45.03855608278653,4472.526771721353
2026-04-11T14:33:20Z,2026-04-12T00:25:00+10:00,QLD1,gen_coal_black,30m,30,lightgbm_residual_blend,0.9500000000000001,4515.3134,-59.858977419006045,4458.4473714519445
2026-04-11T14:33:20Z,2026-04-12T00:25:00+10:00,QLD1,gen_coal_brown,5m,5,lightgbm_residual_blend,0.0,0.0,0.0,0.0
2026-04-11T14:33:20Z,2026-04-12T00:25:00+10:00,QLD1,gen_coal_brown,15m,15,lightgbm_residual_blend,0.0,0.0,0.0,0.0
2026-04-11T14:33:20Z,2026-04-12T00:25:00+10:00,QLD1,gen_coal_brown,30m,30,lightgbm_residual_blend,0.0,0.0,0.0,0.0
2026-04-11T14:33:20Z,2026-04-12T00:25:00+10:00,SA1,price,5m,5,lightgbm_residual_blend,1.0,-2.3,0.03542372624425637,-2.2645762737557433
2026-04-11T14:33:20Z,2026-04-12T00:25:00+10:00,SA1,price,15m,15,lightgbm_residual_blend,1.0,-2.3,0.09060567153665162,-2.209394328463348
2026-04-11T14:33:20Z,2026-04-12T00:25:00+10:00,SA1,price,30m,30,lightgbm_residual_blend,1.0,-2.3,0.5965813483504242,-1.7034186516495757
2026-04-11T14:33:20Z,2026-04-12T00:25:00+10:00,SA1,demand,5m,5,lightgbm_residual_blend,1.0,1444.44,-2.498767860169143,1441.9412321398308
2026-04-11T14:33:20Z,2026-04-12T00:25:00+10:00,SA1,demand,15m,15,lightgbm_residual_blend,1.0,1444.44,-7.807335733914909,1436.6326642660852
2026-04-11T14:33:20Z,2026-04-12T00:25:00+10:00,SA1,demand,30m,30,lightgbm_residual_blend,1.0,1444.44,-15.705702077538502,1428.7342979224616
2026-04-11T14:33:20Z,2026-04-12T00:25:00+10:00,SA1,gen_wind,5m,5,lightgbm_residual_blend,1.0,1479.6362,5.30673669805597,1484.942936698056
2026-04-11T14:33:20Z,2026-04-12T00:25:00+10:00,SA1,gen_wind,15m,15,lightgbm_residual_blend,1.0,1479.6362,-3.4574222993126438,1476.1787777006873
2026-04-11T14:33:20Z,2026-04-12T00:25:00+10:00,SA1,gen_wind,30m,30,lightgbm_residual_blend,1.0,1479.6362,-41.433640714929155,1438.2025592850707
2026-04-11T14:33:20Z,2026-04-12T00:25:00+10:00,SA1,gen_coal_black,5m,5,lightgbm_residual_blend,0.0,0.0,0.0,0.0
2026-04-11T14:33:20Z,2026-04-12T00:25:00+10:00,SA1,gen_coal_black,15m,15,lightgbm_residual_blend,0.0,0.0,0.0,0.0
2026-04-11T14:33:20Z,2026-04-12T00:25:00+10:00,SA1,gen_coal_black,30m,30,lightgbm_residual_blend,0.0,0.0,0.0,0.0
2026-04-11T14:33:20Z,2026-04-12T00:25:00+10:00,SA1,gen_coal_brown,5m,5,lightgbm_residual_blend,0.0,0.0,0.0,0.0
2026-04-11T14:33:20Z,2026-04-12T00:25:00+10:00,SA1,gen_coal_brown,15m,15,lightgbm_residual_blend,0.0,0.0,0.0,0.0
2026-04-11T14:33:20Z,2026-04-12T00:25:00+10:00,SA1,gen_coal_brown,30m,30,lightgbm_residual_blend,0.0,0.0,0.0,0.0
2026-04-11T14:33:20Z,2026-04-12T00:25:00+10:00,TAS1,price,5m,5,lightgbm_residual_blend,1.0,69.22,0.0026084802540784053,69.22260848025408
2026-04-11T14:33:20Z,2026-04-12T00:25:00+10:00,TAS1,price,15m,15,lightgbm_residual_blend,1.0,69.22,-0.007250878530293862,69.2127491214697
2026-04-11T14:33:20Z,2026-04-12T00:25:00+10:00,TAS1,price,30m,30,lightgbm_residual_blend,1.0,69.22,-0.21249485726667372,69.00750514273332
2026-04-11T14:33:20Z,2026-04-12T00:25:00+10:00,TAS1,demand,5m,5,lightgbm_residual_blend,1.0,928.2,-0.8457421874812686,927.3542578125188
2026-04-11T14:33:20Z,2026-04-12T00:25:00+10:00,TAS1,demand,15m,15,lightgbm_residual_blend,1.0,928.2,-2.606913985254289,925.5930860147457
2026-04-11T14:33:20Z,2026-04-12T00:25:00+10:00,TAS1,demand,30m,30,lightgbm_residual_blend,1.0,928.2,-8.447606050345398,919.7523939496547
2026-04-11T14:33:20Z,2026-04-12T00:25:00+10:00,TAS1,gen_wind,5m,5,lightgbm_residual_blend,0.55,489.5573,-0.39125990710710173,489.3421070510911
2026-04-11T14:33:20Z,2026-04-12T00:25:00+10:00,TAS1,gen_wind,15m,15,lightgbm_residual_blend,0.8,489.5573,2.0804718764237133,491.22167750113897
2026-04-11T14:33:20Z,2026-04-12T00:25:00+10:00,TAS1,gen_wind,30m,30,lightgbm_residual_blend,0.8500000000000001,489.5573,-2.418769523914386,487.50134590467275
2026-04-11T14:33:20Z,2026-04-12T00:25:00+10:00,TAS1,gen_coal_black,5m,5,lightgbm_residual_blend,0.0,0.0,0.0,0.0
2026-04-11T14:33:20Z,2026-04-12T00:25:00+10:00,TAS1,gen_coal_black,15m,15,lightgbm_residual_blend,0.0,0.0,0.0,0.0
2026-04-11T14:33:20Z,2026-04-12T00:25:00+10:00,TAS1,gen_coal_black,30m,30,lightgbm_residual_blend,0.0,0.0,0.0,0.0
2026-04-11T14:33:20Z,2026-04-12T00:25:00+10:00,TAS1,gen_coal_brown,5m,5,lightgbm_residual_blend,0.0,0.0,0.0,0.0
2026-04-11T14:33:20Z,2026-04-12T00:25:00+10:00,TAS1,gen_coal_brown,15m,15,lightgbm_residual_blend,0.0,0.0,0.0,0.0
2026-04-11T14:33:20Z,2026-04-12T00:25:00+10:00,TAS1,gen_coal_brown,30m,30,lightgbm_residual_blend,0.0,0.0,0.0,0.0
2026-04-11T14:33:20Z,2026-04-12T00:25:00+10:00,VIC1,price,5m,5,lightgbm_residual_blend,1.0,-2.5,-0.01041824739938622,-2.5104182473993863
2026-04-11T14:33:20Z,2026-04-12T00:25:00+10:00,VIC1,price,15m,15,lightgbm_residual_blend,1.0,-2.5,-0.3040687265355079,-2.8040687265355078
2026-04-11T14:33:20Z,2026-04-12T00:25:00+10:00,VIC1,price,30m,30,lightgbm_residual_blend,1.0,-2.5,-0.2713347781342962,-2.771334778134296
2026-04-11T14:33:20Z,2026-04-12T00:25:00+10:00,VIC1,demand,5m,5,lightgbm_residual_blend,1.0,4610.11,-8.42636097003405,4601.683639029966
2026-04-11T14:33:20Z,2026-04-12T00:25:00+10:00,VIC1,demand,15m,15,lightgbm_residual_blend,1.0,4610.11,-9.322230088400664,4600.787769911599
2026-04-11T14:33:20Z,2026-04-12T00:25:00+10:00,VIC1,demand,30m,30,lightgbm_residual_blend,1.0,4610.11,-15.262741458432725,4594.847258541567
2026-04-11T14:33:20Z,2026-04-12T00:25:00+10:00,VIC1,gen_wind,5m,5,lightgbm_residual_blend,1.0,2780.5814,19.386184311286463,2799.9675843112864
2026-04-11T14:33:20Z,2026-04-12T00:25:00+10:00,VIC1,gen_wind,15m,15,lightgbm_residual_blend,1.0,2780.5814,-14.530542952185998,2766.050857047814
2026-04-11T14:33:20Z,2026-04-12T00:25:00+10:00,VIC1,gen_wind,30m,30,lightgbm_residual_blend,1.0,2780.5814,-59.51432255393334,2721.067077446067
2026-04-11T14:33:20Z,2026-04-12T00:25:00+10:00,VIC1,gen_coal_black,5m,5,lightgbm_residual_blend,0.0,0.0,0.0,0.0
2026-04-11T14:33:20Z,2026-04-12T00:25:00+10:00,VIC1,gen_coal_black,15m,15,lightgbm_residual_blend,0.0,0.0,0.0,0.0
2026-04-11T14:33:20Z,2026-04-12T00:25:00+10:00,VIC1,gen_coal_black,30m,30,lightgbm_residual_blend,0.0,0.0,0.0,0.0
2026-04-11T14:33:20Z,2026-04-12T00:25:00+10:00,VIC1,gen_coal_brown,5m,5,lightgbm_residual_blend,1.0,2680.3438,-6.606451812452177,2673.737348187548
2026-04-11T14:33:20Z,2026-04-12T00:25:00+10:00,VIC1,gen_coal_brown,15m,15,lightgbm_residual_blend,1.0,2680.3438,-12.312819072617803,2668.030980927382
2026-04-11T14:33:20Z,2026-04-12T00:25:00+10:00,VIC1,gen_coal_brown,30m,30,lightgbm_residual_blend,1.0,2680.3438,-39.15597312916557,2641.1878268708347
2026-04-18T04:42:17Z,2026-04-18T14:35:00+10:00,NSW1,price,5m,5,lightgbm_residual_blend,1.0,-2.98,0.1593112835309392,-2.8206887164690606
2026-04-18T04:42:17Z,2026-04-18T14:35:00+10:00,NSW1,price,15m,15,lightgbm_residual_blend,1.0,-2.98,1.2626149526055133,-1.7173850473944867
2026-04-18T04:42:17Z,2026-04-18T14:35:00+10:00,NSW1,price,30m,30,lightgbm_residual_blend,0.9500000000000001,-2.98,2.9840692036748617,-0.14513425650888134
2026-04-18T04:42:17Z,2026-04-18T14:35:00+10:00,NSW1,demand,5m,5,lightgbm_residual_blend,1.0,4647.92,1.867677132993148,4649.787677132993
2026-04-18T04:42:17Z,2026-04-18T14:35:00+10:00,NSW1,demand,15m,15,lightgbm_residual_blend,1.0,4647.92,35.739396216059056,4683.65939621606
2026-04-18T04:42:17Z,2026-04-18T14:35:00+10:00,NSW1,demand,30m,30,lightgbm_residual_blend,1.0,4647.92,145.7375876514913,4793.657587651492
2026-04-18T04:42:17Z,2026-04-18T14:35:00+10:00,NSW1,gen_wind,5m,5,lightgbm_residual_blend,1.0,264.5859,-1.3182307170640784,263.2676692829359
2026-04-18T04:42:17Z,2026-04-18T14:35:00+10:00,NSW1,gen_wind,15m,15,lightgbm_residual_blend,0.9,264.5859,7.101567968986173,270.9773111720875
2026-04-18T04:42:17Z,2026-04-18T14:35:00+10:00,NSW1,gen_wind,30m,30,lightgbm_residual_blend,0.8500000000000001,264.5859,14.753366688591337,277.1262616853026
2026-04-18T04:42:17Z,2026-04-18T14:35:00+10:00,NSW1,gen_coal_black,5m,5,lightgbm_residual_blend,1.0,2440.1199,18.702600744437685,2458.822500744438
2026-04-18T04:42:17Z,2026-04-18T14:35:00+10:00,NSW1,gen_coal_black,15m,15,lightgbm_residual_blend,1.0,2440.1199,54.89299627687479,2495.012896276875
2026-04-18T04:42:17Z,2026-04-18T14:35:00+10:00,NSW1,gen_coal_black,30m,30,lightgbm_residual_blend,1.0,2440.1199,140.09463901505356,2580.2145390150536
2026-04-18T04:42:17Z,2026-04-18T14:35:00+10:00,NSW1,gen_coal_brown,5m,5,lightgbm_residual_blend,0.0,0.0,0.0,0.0
2026-04-18T04:42:17Z,2026-04-18T14:35:00+10:00,NSW1,gen_coal_brown,15m,15,lightgbm_residual_blend,0.0,0.0,0.0,0.0
2026-04-18T04:42:17Z,2026-04-18T14:35:00+10:00,NSW1,gen_coal_brown,30m,30,lightgbm_residual_blend,0.0,0.0,0.0,0.0
2026-04-18T04:42:17Z,2026-04-18T14:35:00+10:00,NSW1,gen_solar_utility,5m,5,lightgbm_residual_blend,1.0,2811.9322,-4.386999444276323,2807.545200555724
2026-04-18T04:42:17Z,2026-04-18T14:35:00+10:00,NSW1,gen_solar_utility,15m,15,lightgbm_residual_blend,1.0,2811.9322,-4.501504731113885,2807.430695268886
2026-04-18T04:42:17Z,2026-04-18T14:35:00+10:00,NSW1,gen_solar_utility,30m,30,lightgbm_residual_blend,1.0,2811.9322,-14.664835540710534,2797.2673644592896
2026-04-18T04:42:17Z,2026-04-18T14:35:00+10:00,NSW1,gen_solar_rooftop,5m,5,lightgbm_residual_blend,1.0,0.0,523.8566099499113,523.8566099499113
2026-04-18T04:42:17Z,2026-04-18T14:35:00+10:00,NSW1,gen_solar_rooftop,15m,15,lightgbm_residual_blend,1.0,0.0,1178.246211068889,1178.246211068889
2026-04-18T04:42:17Z,2026-04-18T14:35:00+10:00,NSW1,gen_solar_rooftop,30m,30,lightgbm_residual_blend,1.0,0.0,1113.7148359659075,1113.7148359659075
2026-04-18T04:42:17Z,2026-04-18T14:35:00+10:00,NSW1,gen_hydro,5m,5,lightgbm_residual_blend,1.0,18.9757,0.4507708256826715,19.42647082568267
2026-04-18T04:42:17Z,2026-04-18T14:35:00+10:00,NSW1,gen_hydro,15m,15,lightgbm_residual_blend,0.8,18.9757,0.48613505801326945,19.364608046410616
2026-04-18T04:42:17Z,2026-04-18T14:35:00+10:00,NSW1,gen_hydro,30m,30,lightgbm_residual_blend,0.65,18.9757,3.830756692782274,21.465691850308477
2026-04-18T04:42:17Z,2026-04-18T14:35:00+10:00,NSW1,gen_battery_discharging,5m,5,lightgbm_residual_blend,0.6000000000000001,9.588,0.10130363616125015,9.648782181696749
2026-04-18T04:42:17Z,2026-04-18T14:35:00+10:00,NSW1,gen_battery_discharging,15m,15,lightgbm_residual_blend,1.0,9.588,1.765206731330219,11.353206731330218
2026-04-18T04:42:17Z,2026-04-18T14:35:00+10:00,NSW1,gen_battery_discharging,30m,30,lightgbm_residual_blend,1.0,9.588,3.163848039626758,12.751848039626758
2026-04-18T04:42:17Z,2026-04-18T14:35:00+10:00,NSW1,renewables_pct,5m,5,lightgbm_residual_blend,1.0,55.71555961339653,2.462165819027258,58.177725432423784
2026-04-18T04:42:17Z,2026-04-18T14:35:00+10:00,NSW1,renewables_pct,15m,15,lightgbm_residual_blend,1.0,55.71555961339653,4.693149278373624,60.408708891770154
2026-04-18T04:42:17Z,2026-04-18T14:35:00+10:00,NSW1,renewables_pct,30m,30,lightgbm_residual_blend,1.0,55.71555961339653,2.1059242406569907,57.82148385405352
2026-04-18T04:42:17Z,2026-04-18T14:35:00+10:00,QLD1,price,5m,5,lightgbm_residual_blend,1.0,-3.2,0.03756934300622279,-3.1624306569937772
2026-04-18T04:42:17Z,2026-04-18T14:35:00+10:00,QLD1,price,15m,15,lightgbm_residual_blend,1.0,-3.2,1.264585786051194,-1.9354142139488062
2026-04-18T04:42:17Z,2026-04-18T14:35:00+10:00,QLD1,price,30m,30,lightgbm_residual_blend,1.0,-3.2,2.650996974095401,-0.5490030259045993
2026-04-18T04:42:17Z,2026-04-18T14:35:00+10:00,QLD1,demand,5m,5,lightgbm_residual_blend,1.0,5109.99,-25.43338117077454,5084.556618829225
2026-04-18T04:42:17Z,2026-04-18T14:35:00+10:00,QLD1,demand,15m,15,lightgbm_residual_blend,1.0,5109.99,26.97876627824394,5136.9687662782435
2026-04-18T04:42:17Z,2026-04-18T14:35:00+10:00,QLD1,demand,30m,30,lightgbm_residual_blend,1.0,5109.99,87.70234354009624,5197.692343540096
2026-04-18T04:42:17Z,2026-04-18T14:35:00+10:00,QLD1,gen_wind,5m,5,lightgbm_residual_blend,1.0,247.961,-0.7219101092297701,247.23908989077023
2026-04-18T04:42:17Z,2026-04-18T14:35:00+10:00,QLD1,gen_wind,15m,15,lightgbm_residual_blend,0.9500000000000001,247.961,-0.35928039522485733,247.6196836245364
2026-04-18T04:42:17Z,2026-04-18T14:35:00+10:00,QLD1,gen_wind,30m,30,lightgbm_residual_blend,0.9,247.961,1.4459491701183937,249.26235425310657
2026-04-18T04:42:17Z,2026-04-18T14:35:00+10:00,QLD1,gen_coal_black,5m,5,lightgbm_residual_blend,0.9,3608.1707,-0.7311726235968534,3607.512644638763
2026-04-18T04:42:17Z,2026-04-18T14:35:00+10:00,QLD1,gen_coal_black,15m,15,lightgbm_residual_blend,0.9500000000000001,3608.1707,29.04441883153594,3635.7628978899593
2026-04-18T04:42:17Z,2026-04-18T14:35:00+10:00,QLD1,gen_coal_black,30m,30,lightgbm_residual_blend,0.9500000000000001,3608.1707,67.5015490023927,3672.297171552273
2026-04-18T04:42:17Z,2026-04-18T14:35:00+10:00,QLD1,gen_coal_brown,5m,5,lightgbm_residual_blend,0.0,0.0,0.0,0.0
2026-04-18T04:42:17Z,2026-04-18T14:35:00+10:00,QLD1,gen_coal_brown,15m,15,lightgbm_residual_blend,0.0,0.0,0.0,0.0
2026-04-18T04:42:17Z,2026-04-18T14:35:00+10:00,QLD1,gen_coal_brown,30m,30,lightgbm_residual_blend,0.0,0.0,0.0,0.0
2026-04-18T04:42:17Z,2026-04-18T14:35:00+10:00,QLD1,gen_solar_utility,5m,5,lightgbm_residual_blend,1.0,2047.6283,-13.760183275562419,2033.8681167244376
2026-04-18T04:42:17Z,2026-04-18T14:35:00+10:00,QLD1,gen_solar_utility,15m,15,lightgbm_residual_blend,1.0,2047.6283,-24.34096981584995,2023.28733018415
2026-04-18T04:42:17Z,2026-04-18T14:35:00+10:00,QLD1,gen_solar_utility,30m,30,lightgbm_residual_blend,1.0,2047.6283,-52.90326880720251,1994.7250311927976
2026-04-18T04:42:17Z,2026-04-18T14:35:00+10:00,QLD1,gen_solar_rooftop,5m,5,lightgbm_residual_blend,1.0,0.0,548.0630896604886,548.0630896604886
2026-04-18T04:42:17Z,2026-04-18T14:35:00+10:00,QLD1,gen_solar_rooftop,15m,15,lightgbm_residual_blend,1.0,0.0,1266.5517805502488,1266.5517805502488
2026-04-18T04:42:17Z,2026-04-18T14:35:00+10:00,QLD1,gen_solar_rooftop,30m,30,lightgbm_residual_blend,1.0,0.0,1433.7471482308958,1433.7471482308958
2026-04-18T04:42:17Z,2026-04-18T14:35:00+10:00,QLD1,gen_hydro,5m,5,lightgbm_residual_blend,0.8500000000000001,55.15,0.15799206126872112,55.28429325207841
2026-04-18T04:42:17Z,2026-04-18T14:35:00+10:00,QLD1,gen_hydro,15m,15,lightgbm_residual_blend,0.8,55.15,6.549201667851123,60.3893613342809
2026-04-18T04:42:17Z,2026-04-18T14:35:00+10:00,QLD1,gen_hydro,30m,30,lightgbm_residual_blend,0.8,55.15,2.9721351999606904,57.527708159968554
2026-04-18T04:42:17Z,2026-04-18T14:35:00+10:00,QLD1,gen_battery_discharging,5m,5,lightgbm_residual_blend,0.9500000000000001,5.3797,1.0467459317932615,6.374108635203598
2026-04-18T04:42:17Z,2026-04-18T14:35:00+10:00,QLD1,gen_battery_discharging,15m,15,lightgbm_residual_blend,1.0,5.3797,4.064753965343814,9.444453965343815
2026-04-18T04:42:17Z,2026-04-18T14:35:00+10:00,QLD1,gen_battery_discharging,30m,30,lightgbm_residual_blend,1.0,5.3797,12.08289531804039,17.46259531804039
2026-04-18T04:42:17Z,2026-04-18T14:35:00+10:00,QLD1,renewables_pct,5m,5,lightgbm_residual_blend,1.0,38.529604993422694,3.2020830742906106,41.73168806771331
2026-04-18T04:42:17Z,2026-04-18T14:35:00+10:00,QLD1,renewables_pct,15m,15,lightgbm_residual_blend,1.0,38.529604993422694,7.758642686579572,46.288247680002264
2026-04-18T04:42:17Z,2026-04-18T14:35:00+10:00,QLD1,renewables_pct,30m,30,lightgbm_residual_blend,1.0,38.529604993422694,6.273766764866966,44.80337175828966
2026-04-18T04:42:17Z,2026-04-18T14:35:00+10:00,SA1,price,5m,5,lightgbm_residual_blend,1.0,-2.12,0.7368866123606039,-1.3831133876393962
2026-04-18T04:42:17Z,2026-04-18T14:35:00+10:00,SA1,price,15m,15,lightgbm_residual_blend,1.0,-2.12,0.8262323902695341,-1.293767609730466
2026-04-18T04:42:17Z,2026-04-18T14:35:00+10:00,SA1,price,30m,30,lightgbm_residual_blend,1.0,-2.12,1.1295378182386713,-0.9904621817613288
2026-04-18T04:42:17Z,2026-04-18T14:35:00+10:00,SA1,demand,5m,5,lightgbm_residual_blend,1.0,204.99,-0.2579779294793038,204.7320220705207
2026-04-18T04:42:17Z,2026-04-18T14:35:00+10:00,SA1,demand,15m,15,lightgbm_residual_blend,1.0,204.99,0.04882893917135363,205.03882893917137
2026-04-18T04:42:17Z,2026-04-18T14:35:00+10:00,SA1,demand,30m,30,lightgbm_residual_blend,1.0,204.99,-1.3203261196902008,203.6696738803098
2026-04-18T04:42:17Z,2026-04-18T14:35:00+10:00,SA1,gen_wind,5m,5,lightgbm_residual_blend,1.0,57.9991,10.243511881527265,68.24261188152727
2026-04-18T04:42:17Z,2026-04-18T14:35:00+10:00,SA1,gen_wind,15m,15,lightgbm_residual_blend,1.0,57.9991,2.728618238642381,60.72771823864238
2026-04-18T04:42:17Z,2026-04-18T14:35:00+10:00,SA1,gen_wind,30m,30,lightgbm_residual_blend,1.0,57.9991,-1.968974929499816,56.03012507050018
2026-04-18T04:42:17Z,2026-04-18T14:35:00+10:00,SA1,gen_coal_black,5m,5,lightgbm_residual_blend,0.0,0.0,0.0,0.0
2026-04-18T04:42:17Z,2026-04-18T14:35:00+10:00,SA1,gen_coal_black,15m,15,lightgbm_residual_blend,0.0,0.0,0.0,0.0
2026-04-18T04:42:17Z,2026-04-18T14:35:00+10:00,SA1,gen_coal_black,30m,30,lightgbm_residual_blend,0.0,0.0,0.0,0.0
2026-04-18T04:42:17Z,2026-04-18T14:35:00+10:00,SA1,gen_coal_brown,5m,5,lightgbm_residual_blend,0.0,0.0,0.0,0.0
2026-04-18T04:42:17Z,2026-04-18T14:35:00+10:00,SA1,gen_coal_brown,15m,15,lightgbm_residual_blend,0.0,0.0,0.0,0.0
2026-04-18T04:42:17Z,2026-04-18T14:35:00+10:00,SA1,gen_coal_brown,30m,30,lightgbm_residual_blend,0.0,0.0,0.0,0.0
2026-04-18T04:42:17Z,2026-04-18T14:35:00+10:00,SA1,gen_solar_utility,5m,5,lightgbm_residual_blend,0.65,285.4566,1.9821182420588404,286.7449768573382
2026-04-18T04:42:17Z,2026-04-18T14:35:00+10:00,SA1,gen_solar_utility,15m,15,lightgbm_residual_blend,0.75,285.4566,-8.474611407011903,279.10064144474103
2026-04-18T04:42:17Z,2026-04-18T14:35:00+10:00,SA1,gen_solar_utility,30m,30,lightgbm_residual_blend,0.7000000000000001,285.4566,-14.818181950248979,275.0838726348257
2026-04-18T04:42:17Z,2026-04-18T14:35:00+10:00,SA1,gen_solar_rooftop,5m,5,lightgbm_residual_blend,1.0,0.0,262.8953795775757,262.8953795775757
2026-04-18T04:42:17Z,2026-04-18T14:35:00+10:00,SA1,gen_solar_rooftop,15m,15,lightgbm_residual_blend,1.0,0.0,783.4086448567359,783.4086448567359
2026-04-18T04:42:17Z,2026-04-18T14:35:00+10:00,SA1,gen_solar_rooftop,30m,30,lightgbm_residual_blend,1.0,0.0,698.7740684047823,698.7740684047823
2026-04-18T04:42:17Z,2026-04-18T14:35:00+10:00,SA1,gen_hydro,5m,5,lightgbm_residual_blend,0.0,0.0,0.0,0.0
2026-04-18T04:42:17Z,2026-04-18T14:35:00+10:00,SA1,gen_hydro,15m,15,lightgbm_residual_blend,0.0,0.0,0.0,0.0
2026-04-18T04:42:17Z,2026-04-18T14:35:00+10:00,SA1,gen_hydro,30m,30,lightgbm_residual_blend,0.0,0.0,0.0,0.0
2026-04-18T04:42:17Z,2026-04-18T14:35:00+10:00,SA1,gen_battery_discharging,5m,5,lightgbm_residual_blend,1.0,0.147,-7.884067254232582,-7.737067254232581
2026-04-18T04:42:17Z,2026-04-18T14:35:00+10:00,SA1,gen_battery_discharging,15m,15,lightgbm_residual_blend,0.9500000000000001,0.147,-12.62714645659557,-11.848789133765791
2026-04-18T04:42:17Z,2026-04-18T14:35:00+10:00,SA1,gen_battery_discharging,30m,30,lightgbm_residual_blend,0.8500000000000001,0.147,-23.051840467109347,-19.447064397042947
2026-04-18T04:42:17Z,2026-04-18T14:35:00+10:00,SA1,renewables_pct,5m,5,lightgbm_residual_blend,1.0,80.02020983481638,5.8322175943935495,85.85242742920994
2026-04-18T04:42:17Z,2026-04-18T14:35:00+10:00,SA1,renewables_pct,15m,15,lightgbm_residual_blend,0.9500000000000001,80.02020983481638,16.10618924669266,95.32108961917442
2026-04-18T04:42:17Z,2026-04-18T14:35:00+10:00,SA1,renewables_pct,30m,30,lightgbm_residual_blend,0.9,80.02020983481638,16.99026895577747,95.3114518950161
2026-04-18T04:42:17Z,2026-04-18T14:35:00+10:00,TAS1,price,5m,5,lightgbm_residual_blend,1.0,92.07,-0.004497795604945728,92.06550220439505
2026-04-18T04:42:17Z,2026-04-18T14:35:00+10:00,TAS1,price,15m,15,lightgbm_residual_blend,1.0,92.07,-0.06735396145706275,92.00264603854293
2026-04-18T04:42:17Z,2026-04-18T14:35:00+10:00,TAS1,price,30m,30,lightgbm_residual_blend,1.0,92.07,-0.2914689171266039,91.77853108287339
2026-04-18T04:42:17Z,2026-04-18T14:35:00+10:00,TAS1,demand,5m,5,lightgbm_residual_blend,1.0,952.63,-2.7286111070721497,949.9013888929278
2026-04-18T04:42:17Z,2026-04-18T14:35:00+10:00,TAS1,demand,15m,15,lightgbm_residual_blend,1.0,952.63,-7.540760304441141,945.0892396955588
2026-04-18T04:42:17Z,2026-04-18T14:35:00+10:00,TAS1,demand,30m,30,lightgbm_residual_blend,1.0,952.63,-10.77242003009479,941.8575799699053
2026-04-18T04:42:17Z,2026-04-18T14:35:00+10:00,TAS1,gen_wind,5m,5,lightgbm_residual_blend,0.5,131.3524,0.3091389663154882,131.50696948315775
2026-04-18T04:42:17Z,2026-04-18T14:35:00+10:00,TAS1,gen_wind,15m,15,lightgbm_residual_blend,0.8500000000000001,131.3524,4.230550196381764,134.9483676669245
2026-04-18T04:42:17Z,2026-04-18T14:35:00+10:00,TAS1,gen_wind,30m,30,lightgbm_residual_blend,0.8500000000000001,131.3524,9.099718572552646,139.08716078666973
2026-04-18T04:42:17Z,2026-04-18T14:35:00+10:00,TAS1,gen_coal_black,5m,5,lightgbm_residual_blend,0.0,0.0,0.0,0.0
2026-04-18T04:42:17Z,2026-04-18T14:35:00+10:00,TAS1,gen_coal_black,15m,15,lightgbm_residual_blend,0.0,0.0,0.0,0.0
2026-04-18T04:42:17Z,2026-04-18T14:35:00+10:00,TAS1,gen_coal_black,30m,30,lightgbm_residual_blend,0.0,0.0,0.0,0.0
2026-04-18T04:42:17Z,2026-04-18T14:35:00+10:00,TAS1,gen_coal_brown,5m,5,lightgbm_residual_blend,0.0,0.0,0.0,0.0
2026-04-18T04:42:17Z,2026-04-18T14:35:00+10:00,TAS1,gen_coal_brown,15m,15,lightgbm_residual_blend,0.0,0.0,0.0,0.0
2026-04-18T04:42:17Z,2026-04-18T14:35:00+10:00,TAS1,gen_coal_brown,30m,30,lightgbm_residual_blend,0.0,0.0,0.0,0.0
2026-04-18T04:42:17Z,2026-04-18T14:35:00+10:00,TAS1,gen_solar_utility,5m,5,lightgbm_residual_blend,0.0,0.0,0.0,0.0
2026-04-18T04:42:17Z,2026-04-18T14:35:00+10:00,TAS1,gen_solar_utility,15m,15,lightgbm_residual_blend,0.0,0.0,0.0,0.0
2026-04-18T04:42:17Z,2026-04-18T14:35:00+10:00,TAS1,gen_solar_utility,30m,30,lightgbm_residual_blend,0.0,0.0,0.0,0.0
2026-04-18T04:42:17Z,2026-04-18T14:35:00+10:00,TAS1,gen_solar_rooftop,5m,5,lightgbm_residual_blend,1.0,0.0,29.60931748426451,29.60931748426451
2026-04-18T04:42:17Z,2026-04-18T14:35:00+10:00,TAS1,gen_solar_rooftop,15m,15,lightgbm_residual_blend,1.0,0.0,73.05046787104618,73.05046787104618
2026-04-18T04:42:17Z,2026-04-18T14:35:00+10:00,TAS1,gen_solar_rooftop,30m,30,lightgbm_residual_blend,1.0,0.0,80.88077554213952,80.88077554213952
2026-04-18T04:42:17Z,2026-04-18T14:35:00+10:00,TAS1,gen_hydro,5m,5,lightgbm_residual_blend,0.9500000000000001,695.9926,4.2854974926725244,700.0638226180389
2026-04-18T04:42:17Z,2026-04-18T14:35:00+10:00,TAS1,gen_hydro,15m,15,lightgbm_residual_blend,1.0,695.9926,0.6737334953372104,696.6663334953372
2026-04-18T04:42:17Z,2026-04-18T14:35:00+10:00,TAS1,gen_hydro,30m,30,lightgbm_residual_blend,1.0,695.9926,-6.198250155256272,689.7943498447438
2026-04-18T04:42:17Z,2026-04-18T14:35:00+10:00,TAS1,gen_battery_discharging,5m,5,lightgbm_residual_blend,0.0,0.0,0.0,0.0
2026-04-18T04:42:17Z,2026-04-18T14:35:00+10:00,TAS1,gen_battery_discharging,15m,15,lightgbm_residual_blend,0.0,0.0,0.0,0.0
2026-04-18T04:42:17Z,2026-04-18T14:35:00+10:00,TAS1,gen_battery_discharging,30m,30,lightgbm_residual_blend,0.0,0.0,0.0,0.0
2026-04-18T04:42:17Z,2026-04-18T14:35:00+10:00,TAS1,renewables_pct,5m,5,lightgbm_residual_blend,0.15000000000000002,100.0,-0.0004901622812912142,99.9999264756578
2026-04-18T04:42:17Z,2026-04-18T14:35:00+10:00,TAS1,renewables_pct,15m,15,lightgbm_residual_blend,0.15000000000000002,100.0,-0.0007075677223610562,99.99989386484165
2026-04-18T04:42:17Z,2026-04-18T14:35:00+10:00,TAS1,renewables_pct,30m,30,lightgbm_residual_blend,0.1,100.0,-0.0014647524993332552,99.99985352475007
2026-04-18T04:42:17Z,2026-04-18T14:35:00+10:00,VIC1,price,5m,5,lightgbm_residual_blend,1.0,-2.82,0.08068475222292945,-2.7393152477770704
2026-04-18T04:42:17Z,2026-04-18T14:35:00+10:00,VIC1,price,15m,15,lightgbm_residual_blend,1.0,-2.82,0.3545393776555626,-2.465460622344437
2026-04-18T04:42:17Z,2026-04-18T14:35:00+10:00,VIC1,price,30m,30,lightgbm_residual_blend,1.0,-2.82,0.60461983651563,-2.2153801634843697
2026-04-18T04:42:17Z,2026-04-18T14:35:00+10:00,VIC1,demand,5m,5,lightgbm_residual_blend,1.0,3122.95,-26.804979900318674,3096.145020099681
2026-04-18T04:42:17Z,2026-04-18T14:35:00+10:00,VIC1,demand,15m,15,lightgbm_residual_blend,1.0,3122.95,-42.26647579385438,3080.6835242061456
2026-04-18T04:42:17Z,2026-04-18T14:35:00+10:00,VIC1,demand,30m,30,lightgbm_residual_blend,1.0,3122.95,-54.78430989352001,3068.16569010648
2026-04-18T04:42:17Z,2026-04-18T14:35:00+10:00,VIC1,gen_wind,5m,5,lightgbm_residual_blend,1.0,99.8573,4.176929177534848,104.03422917753484
2026-04-18T04:42:17Z,2026-04-18T14:35:00+10:00,VIC1,gen_wind,15m,15,lightgbm_residual_blend,1.0,99.8573,11.784717984029708,111.6420179840297
2026-04-18T04:42:17Z,2026-04-18T14:35:00+10:00,VIC1,gen_wind,30m,30,lightgbm_residual_blend,1.0,99.8573,18.105399772185965,117.96269977218596
2026-04-18T04:42:17Z,2026-04-18T14:35:00+10:00,VIC1,gen_coal_black,5m,5,lightgbm_residual_blend,0.0,0.0,0.0,0.0
2026-04-18T04:42:17Z,2026-04-18T14:35:00+10:00,VIC1,gen_coal_black,15m,15,lightgbm_residual_blend,0.0,0.0,0.0,0.0
2026-04-18T04:42:17Z,2026-04-18T14:35:00+10:00,VIC1,gen_coal_black,30m,30,lightgbm_residual_blend,0.0,0.0,0.0,0.0
2026-04-18T04:42:17Z,2026-04-18T14:35:00+10:00,VIC1,gen_coal_brown,5m,5,lightgbm_residual_blend,1.0,2694.3438,-9.238268374253671,2685.1055316257466
2026-04-18T04:42:17Z,2026-04-18T14:35:00+10:00,VIC1,gen_coal_brown,15m,15,lightgbm_residual_blend,1.0,2694.3438,-12.132201721704016,2682.211598278296
2026-04-18T04:42:17Z,2026-04-18T14:35:00+10:00,VIC1,gen_coal_brown,30m,30,lightgbm_residual_blend,1.0,2694.3438,-0.5978237936469344,2693.745976206353
2026-04-18T04:42:17Z,2026-04-18T14:35:00+10:00,VIC1,gen_solar_utility,5m,5,lightgbm_residual_blend,0.9,1076.9683,1.180741903778641,1078.0309677134007
2026-04-18T04:42:17Z,2026-04-18T14:35:00+10:00,VIC1,gen_solar_utility,15m,15,lightgbm_residual_blend,0.8500000000000001,1076.9683,12.221020839301344,1087.3561677134062
2026-04-18T04:42:17Z,2026-04-18T14:35:00+10:00,VIC1,gen_solar_utility,30m,30,lightgbm_residual_blend,0.8500000000000001,1076.9683,21.54668389450269,1095.2829813103274
2026-04-18T04:42:17Z,2026-04-18T14:35:00+10:00,VIC1,gen_solar_rooftop,5m,5,lightgbm_residual_blend,1.0,0.0,608.0532735336291,608.0532735336291
2026-04-18T04:42:17Z,2026-04-18T14:35:00+10:00,VIC1,gen_solar_rooftop,15m,15,lightgbm_residual_blend,1.0,0.0,1522.7476031675926,1522.7476031675926
2026-04-18T04:42:17Z,2026-04-18T14:35:00+10:00,VIC1,gen_solar_rooftop,30m,30,lightgbm_residual_blend,1.0,0.0,1545.044699311027,1545.044699311027
2026-04-18T04:42:17Z,2026-04-18T14:35:00+10:00,VIC1,gen_hydro,5m,5,lightgbm_residual_blend,0.7000000000000001,0.32,-3.3721611142705474,-2.0405127799893834
2026-04-18T04:42:17Z,2026-04-18T14:35:00+10:00,VIC1,gen_hydro,15m,15,lightgbm_residual_blend,0.9500000000000001,0.32,-8.387877764400722,-7.648483876180686
2026-04-18T04:42:17Z,2026-04-18T14:35:00+10:00,VIC1,gen_hydro,30m,30,lightgbm_residual_blend,1.0,0.32,-23.07769319831267,-22.75769319831267
2026-04-18T04:42:17Z,2026-04-18T14:35:00+10:00,VIC1,gen_battery_discharging,5m,5,lightgbm_residual_blend,1.0,0.0533,-0.12301756955953501,-0.06971756955953501
2026-04-18T04:42:17Z,2026-04-18T14:35:00+10:00,VIC1,gen_battery_discharging,15m,15,lightgbm_residual_blend,1.0,0.0533,-2.3949807742856057,-2.3416807742856056
2026-04-18T04:42:17Z,2026-04-18T14:35:00+10:00,VIC1,gen_battery_discharging,30m,30,lightgbm_residual_blend,1.0,0.0533,-6.186889473781238,-6.133589473781238
2026-04-18T04:42:17Z,2026-04-18T14:35:00+10:00,VIC1,renewables_pct,5m,5,lightgbm_residual_blend,1.0,30.40645528719081,5.755793426648665,36.162248713839475
2026-04-18T04:42:17Z,2026-04-18T14:35:00+10:00,VIC1,renewables_pct,15m,15,lightgbm_residual_blend,1.0,30.40645528719081,16.394910865550543,46.80136615274135
2026-04-18T04:42:17Z,2026-04-18T14:35:00+10:00,VIC1,renewables_pct,30m,30,lightgbm_residual_blend,1.0,30.40645528719081,17.65700307360381,48.06345836079462
2026-04-18T04:42:52Z,2026-04-18T14:35:00+10:00,NSW1,price,5m,5,lightgbm_residual_blend,1.0,-2.98,0.1593112835309392,-2.8206887164690606
2026-04-18T04:42:52Z,2026-04-18T14:35:00+10:00,NSW1,price,15m,15,lightgbm_residual_blend,1.0,-2.98,1.2626149526055133,-1.7173850473944867
2026-04-18T04:42:52Z,2026-04-18T14:35:00+10:00,NSW1,price,30m,30,lightgbm_residual_blend,0.9500000000000001,-2.98,2.9840692036748617,-0.14513425650888134
2026-04-18T04:42:52Z,2026-04-18T14:35:00+10:00,NSW1,demand,5m,5,lightgbm_residual_blend,1.0,4647.92,1.867677132993148,4649.787677132993
2026-04-18T04:42:52Z,2026-04-18T14:35:00+10:00,NSW1,demand,15m,15,lightgbm_residual_blend,1.0,4647.92,35.739396216059056,4683.65939621606
2026-04-18T04:42:52Z,2026-04-18T14:35:00+10:00,NSW1,demand,30m,30,lightgbm_residual_blend,1.0,4647.92,145.7375876514913,4793.657587651492
2026-04-18T04:42:52Z,2026-04-18T14:35:00+10:00,NSW1,gen_wind,5m,5,lightgbm_residual_blend,1.0,264.5859,-1.3182307170640784,263.2676692829359
2026-04-18T04:42:52Z,2026-04-18T14:35:00+10:00,NSW1,gen_wind,15m,15,lightgbm_residual_blend,0.9,264.5859,7.101567968986173,270.9773111720875
2026-04-18T04:42:52Z,2026-04-18T14:35:00+10:00,NSW1,gen_wind,30m,30,lightgbm_residual_blend,0.8500000000000001,264.5859,14.753366688591337,277.1262616853026
2026-04-18T04:42:52Z,2026-04-18T14:35:00+10:00,NSW1,gen_coal_black,5m,5,lightgbm_residual_blend,1.0,2440.1199,18.702600744437685,2458.822500744438
2026-04-18T04:42:52Z,2026-04-18T14:35:00+10:00,NSW1,gen_coal_black,15m,15,lightgbm_residual_blend,1.0,2440.1199,54.89299627687479,2495.012896276875
2026-04-18T04:42:52Z,2026-04-18T14:35:00+10:00,NSW1,gen_coal_black,30m,30,lightgbm_residual_blend,1.0,2440.1199,140.09463901505356,2580.2145390150536
2026-04-18T04:42:52Z,2026-04-18T14:35:00+10:00,NSW1,gen_coal_brown,5m,5,lightgbm_residual_blend,0.0,0.0,0.0,0.0
2026-04-18T04:42:52Z,2026-04-18T14:35:00+10:00,NSW1,gen_coal_brown,15m,15,lightgbm_residual_blend,0.0,0.0,0.0,0.0
2026-04-18T04:42:52Z,2026-04-18T14:35:00+10:00,NSW1,gen_coal_brown,30m,30,lightgbm_residual_blend,0.0,0.0,0.0,0.0
2026-04-18T04:42:52Z,2026-04-18T14:35:00+10:00,NSW1,gen_solar_utility,5m,5,lightgbm_residual_blend,1.0,2811.9322,-4.386999444276323,2807.545200555724
2026-04-18T04:42:52Z,2026-04-18T14:35:00+10:00,NSW1,gen_solar_utility,15m,15,lightgbm_residual_blend,1.0,2811.9322,-4.501504731113885,2807.430695268886
2026-04-18T04:42:52Z,2026-04-18T14:35:00+10:00,NSW1,gen_solar_utility,30m,30,lightgbm_residual_blend,1.0,2811.9322,-14.664835540710534,2797.2673644592896
2026-04-18T04:42:52Z,2026-04-18T14:35:00+10:00,NSW1,gen_solar_rooftop,5m,5,lightgbm_residual_blend,1.0,0.0,523.8566099499113,523.8566099499113
2026-04-18T04:42:52Z,2026-04-18T14:35:00+10:00,NSW1,gen_solar_rooftop,15m,15,lightgbm_residual_blend,1.0,0.0,1178.246211068889,1178.246211068889
2026-04-18T04:42:52Z,2026-04-18T14:35:00+10:00,NSW1,gen_solar_rooftop,30m,30,lightgbm_residual_blend,1.0,0.0,1113.7148359659075,1113.7148359659075
2026-04-18T04:42:52Z,2026-04-18T14:35:00+10:00,NSW1,gen_hydro,5m,5,lightgbm_residual_blend,1.0,18.9757,0.4507708256826715,19.42647082568267
2026-04-18T04:42:52Z,2026-04-18T14:35:00+10:00,NSW1,gen_hydro,15m,15,lightgbm_residual_blend,0.8,18.9757,0.48613505801326945,19.364608046410616
2026-04-18T04:42:52Z,2026-04-18T14:35:00+10:00,NSW1,gen_hydro,30m,30,lightgbm_residual_blend,0.65,18.9757,3.830756692782274,21.465691850308477
2026-04-18T04:42:52Z,2026-04-18T14:35:00+10:00,NSW1,gen_battery_discharging,5m,5,lightgbm_residual_blend,0.6000000000000001,9.588,0.10130363616125015,9.648782181696749
2026-04-18T04:42:52Z,2026-04-18T14:35:00+10:00,NSW1,gen_battery_discharging,15m,15,lightgbm_residual_blend,1.0,9.588,1.765206731330219,11.353206731330218
2026-04-18T04:42:52Z,2026-04-18T14:35:00+10:00,NSW1,gen_battery_discharging,30m,30,lightgbm_residual_blend,1.0,9.588,3.163848039626758,12.751848039626758
2026-04-18T04:42:52Z,2026-04-18T14:35:00+10:00,NSW1,renewables_pct,5m,5,lightgbm_residual_blend,1.0,55.71555961339653,2.462165819027258,58.177725432423784
2026-04-18T04:42:52Z,2026-04-18T14:35:00+10:00,NSW1,renewables_pct,15m,15,lightgbm_residual_blend,1.0,55.71555961339653,4.693149278373624,60.408708891770154
2026-04-18T04:42:52Z,2026-04-18T14:35:00+10:00,NSW1,renewables_pct,30m,30,lightgbm_residual_blend,1.0,55.71555961339653,2.1059242406569907,57.82148385405352
2026-04-18T04:42:52Z,2026-04-18T14:35:00+10:00,QLD1,price,5m,5,lightgbm_residual_blend,1.0,-3.2,0.03756934300622279,-3.1624306569937772
2026-04-18T04:42:52Z,2026-04-18T14:35:00+10:00,QLD1,price,15m,15,lightgbm_residual_blend,1.0,-3.2,1.264585786051194,-1.9354142139488062
2026-04-18T04:42:52Z,2026-04-18T14:35:00+10:00,QLD1,price,30m,30,lightgbm_residual_blend,1.0,-3.2,2.650996974095401,-0.5490030259045993
2026-04-18T04:42:52Z,2026-04-18T14:35:00+10:00,QLD1,demand,5m,5,lightgbm_residual_blend,1.0,5109.99,-25.43338117077454,5084.556618829225
2026-04-18T04:42:52Z,2026-04-18T14:35:00+10:00,QLD1,demand,15m,15,lightgbm_residual_blend,1.0,5109.99,26.97876627824394,5136.9687662782435
2026-04-18T04:42:52Z,2026-04-18T14:35:00+10:00,QLD1,demand,30m,30,lightgbm_residual_blend,1.0,5109.99,87.70234354009624,5197.692343540096
2026-04-18T04:42:52Z,2026-04-18T14:35:00+10:00,QLD1,gen_wind,5m,5,lightgbm_residual_blend,1.0,247.961,-0.7219101092297701,247.23908989077023
2026-04-18T04:42:52Z,2026-04-18T14:35:00+10:00,QLD1,gen_wind,15m,15,lightgbm_residual_blend,0.9500000000000001,247.961,-0.35928039522485733,247.6196836245364
2026-04-18T04:42:52Z,2026-04-18T14:35:00+10:00,QLD1,gen_wind,30m,30,lightgbm_residual_blend,0.9,247.961,1.4459491701183937,249.26235425310657
2026-04-18T04:42:52Z,2026-04-18T14:35:00+10:00,QLD1,gen_coal_black,5m,5,lightgbm_residual_blend,0.9,3608.1707,-0.7311726235968534,3607.512644638763
2026-04-18T04:42:52Z,2026-04-18T14:35:00+10:00,QLD1,gen_coal_black,15m,15,lightgbm_residual_blend,0.9500000000000001,3608.1707,29.04441883153594,3635.7628978899593
2026-04-18T04:42:52Z,2026-04-18T14:35:00+10:00,QLD1,gen_coal_black,30m,30,lightgbm_residual_blend,0.9500000000000001,3608.1707,67.5015490023927,3672.297171552273
2026-04-18T04:42:52Z,2026-04-18T14:35:00+10:00,QLD1,gen_coal_brown,5m,5,lightgbm_residual_blend,0.0,0.0,0.0,0.0
2026-04-18T04:42:52Z,2026-04-18T14:35:00+10:00,QLD1,gen_coal_brown,15m,15,lightgbm_residual_blend,0.0,0.0,0.0,0.0
2026-04-18T04:42:52Z,2026-04-18T14:35:00+10:00,QLD1,gen_coal_brown,30m,30,lightgbm_residual_blend,0.0,0.0,0.0,0.0
2026-04-18T04:42:52Z,2026-04-18T14:35:00+10:00,QLD1,gen_solar_utility,5m,5,lightgbm_residual_blend,1.0,2047.6283,-13.760183275562419,2033.8681167244376
2026-04-18T04:42:52Z,2026-04-18T14:35:00+10:00,QLD1,gen_solar_utility,15m,15,lightgbm_residual_blend,1.0,2047.6283,-24.34096981584995,2023.28733018415
2026-04-18T04:42:52Z,2026-04-18T14:35:00+10:00,QLD1,gen_solar_utility,30m,30,lightgbm_residual_blend,1.0,2047.6283,-52.90326880720251,1994.7250311927976
2026-04-18T04:42:52Z,2026-04-18T14:35:00+10:00,QLD1,gen_solar_rooftop,5m,5,lightgbm_residual_blend,1.0,0.0,548.0630896604886,548.0630896604886
2026-04-18T04:42:52Z,2026-04-18T14:35:00+10:00,QLD1,gen_solar_rooftop,15m,15,lightgbm_residual_blend,1.0,0.0,1266.5517805502488,1266.5517805502488
2026-04-18T04:42:52Z,2026-04-18T14:35:00+10:00,QLD1,gen_solar_rooftop,30m,30,lightgbm_residual_blend,1.0,0.0,1433.7471482308958,1433.7471482308958
2026-04-18T04:42:52Z,2026-04-18T14:35:00+10:00,QLD1,gen_hydro,5m,5,lightgbm_residual_blend,0.8500000000000001,55.15,0.15799206126872112,55.28429325207841
2026-04-18T04:42:52Z,2026-04-18T14:35:00+10:00,QLD1,gen_hydro,15m,15,lightgbm_residual_blend,0.8,55.15,6.549201667851123,60.3893613342809
2026-04-18T04:42:52Z,2026-04-18T14:35:00+10:00,QLD1,gen_hydro,30m,30,lightgbm_residual_blend,0.8,55.15,2.9721351999606904,57.527708159968554
2026-04-18T04:42:52Z,2026-04-18T14:35:00+10:00,QLD1,gen_battery_discharging,5m,5,lightgbm_residual_blend,0.9500000000000001,5.3797,1.0467459317932615,6.374108635203598
2026-04-18T04:42:52Z,2026-04-18T14:35:00+10:00,QLD1,gen_battery_discharging,15m,15,lightgbm_residual_blend,1.0,5.3797,4.064753965343814,9.444453965343815
2026-04-18T04:42:52Z,2026-04-18T14:35:00+10:00,QLD1,gen_battery_discharging,30m,30,lightgbm_residual_blend,1.0,5.3797,12.08289531804039,17.46259531804039
2026-04-18T04:42:52Z,2026-04-18T14:35:00+10:00,QLD1,renewables_pct,5m,5,lightgbm_residual_blend,1.0,38.529604993422694,3.2020830742906106,41.73168806771331
2026-04-18T04:42:52Z,2026-04-18T14:35:00+10:00,QLD1,renewables_pct,15m,15,lightgbm_residual_blend,1.0,38.529604993422694,7.758642686579572,46.288247680002264
2026-04-18T04:42:52Z,2026-04-18T14:35:00+10:00,QLD1,renewables_pct,30m,30,lightgbm_residual_blend,1.0,38.529604993422694,6.273766764866966,44.80337175828966
2026-04-18T04:42:52Z,2026-04-18T14:35:00+10:00,SA1,price,5m,5,lightgbm_residual_blend,1.0,-2.12,0.7368866123606039,-1.3831133876393962
2026-04-18T04:42:52Z,2026-04-18T14:35:00+10:00,SA1,price,15m,15,lightgbm_residual_blend,1.0,-2.12,0.8262323902695341,-1.293767609730466
2026-04-18T04:42:52Z,2026-04-18T14:35:00+10:00,SA1,price,30m,30,lightgbm_residual_blend,1.0,-2.12,1.1295378182386713,-0.9904621817613288
2026-04-18T04:42:52Z,2026-04-18T14:35:00+10:00,SA1,demand,5m,5,lightgbm_residual_blend,1.0,204.99,-0.2579779294793038,204.7320220705207
2026-04-18T04:42:52Z,2026-04-18T14:35:00+10:00,SA1,demand,15m,15,lightgbm_residual_blend,1.0,204.99,0.04882893917135363,205.03882893917137
2026-04-18T04:42:52Z,2026-04-18T14:35:00+10:00,SA1,demand,30m,30,lightgbm_residual_blend,1.0,204.99,-1.3203261196902008,203.6696738803098
2026-04-18T04:42:52Z,2026-04-18T14:35:00+10:00,SA1,gen_wind,5m,5,lightgbm_residual_blend,1.0,57.9991,10.243511881527265,68.24261188152727
2026-04-18T04:42:52Z,2026-04-18T14:35:00+10:00,SA1,gen_wind,15m,15,lightgbm_residual_blend,1.0,57.9991,2.728618238642381,60.72771823864238
2026-04-18T04:42:52Z,2026-04-18T14:35:00+10:00,SA1,gen_wind,30m,30,lightgbm_residual_blend,1.0,57.9991,-1.968974929499816,56.03012507050018
2026-04-18T04:42:52Z,2026-04-18T14:35:00+10:00,SA1,gen_coal_black,5m,5,lightgbm_residual_blend,0.0,0.0,0.0,0.0
2026-04-18T04:42:52Z,2026-04-18T14:35:00+10:00,SA1,gen_coal_black,15m,15,lightgbm_residual_blend,0.0,0.0,0.0,0.0
2026-04-18T04:42:52Z,2026-04-18T14:35:00+10:00,SA1,gen_coal_black,30m,30,lightgbm_residual_blend,0.0,0.0,0.0,0.0
2026-04-18T04:42:52Z,2026-04-18T14:35:00+10:00,SA1,gen_coal_brown,5m,5,lightgbm_residual_blend,0.0,0.0,0.0,0.0
2026-04-18T04:42:52Z,2026-04-18T14:35:00+10:00,SA1,gen_coal_brown,15m,15,lightgbm_residual_blend,0.0,0.0,0.0,0.0
2026-04-18T04:42:52Z,2026-04-18T14:35:00+10:00,SA1,gen_coal_brown,30m,30,lightgbm_residual_blend,0.0,0.0,0.0,0.0
2026-04-18T04:42:52Z,2026-04-18T14:35:00+10:00,SA1,gen_solar_utility,5m,5,lightgbm_residual_blend,0.65,285.4566,1.9821182420588404,286.7449768573382
2026-04-18T04:42:52Z,2026-04-18T14:35:00+10:00,SA1,gen_solar_utility,15m,15,lightgbm_residual_blend,0.75,285.4566,-8.474611407011903,279.10064144474103
2026-04-18T04:42:52Z,2026-04-18T14:35:00+10:00,SA1,gen_solar_utility,30m,30,lightgbm_residual_blend,0.7000000000000001,285.4566,-14.818181950248979,275.0838726348257
2026-04-18T04:42:52Z,2026-04-18T14:35:00+10:00,SA1,gen_solar_rooftop,5m,5,lightgbm_residual_blend,1.0,0.0,262.8953795775757,262.8953795775757
2026-04-18T04:42:52Z,2026-04-18T14:35:00+10:00,SA1,gen_solar_rooftop,15m,15,lightgbm_residual_blend,1.0,0.0,783.4086448567359,783.4086448567359
2026-04-18T04:42:52Z,2026-04-18T14:35:00+10:00,SA1,gen_solar_rooftop,30m,30,lightgbm_residual_blend,1.0,0.0,698.7740684047823,698.7740684047823
2026-04-18T04:42:52Z,2026-04-18T14:35:00+10:00,SA1,gen_hydro,5m,5,lightgbm_residual_blend,0.0,0.0,0.0,0.0
2026-04-18T04:42:52Z,2026-04-18T14:35:00+10:00,SA1,gen_hydro,15m,15,lightgbm_residual_blend,0.0,0.0,0.0,0.0
2026-04-18T04:42:52Z,2026-04-18T14:35:00+10:00,SA1,gen_hydro,30m,30,lightgbm_residual_blend,0.0,0.0,0.0,0.0
2026-04-18T04:42:52Z,2026-04-18T14:35:00+10:00,SA1,gen_battery_discharging,5m,5,lightgbm_residual_blend,1.0,0.147,-7.884067254232582,-7.737067254232581
2026-04-18T04:42:52Z,2026-04-18T14:35:00+10:00,SA1,gen_battery_discharging,15m,15,lightgbm_residual_blend,0.9500000000000001,0.147,-12.62714645659557,-11.848789133765791
2026-04-18T04:42:52Z,2026-04-18T14:35:00+10:00,SA1,gen_battery_discharging,30m,30,lightgbm_residual_blend,0.8500000000000001,0.147,-23.051840467109347,-19.447064397042947
2026-04-18T04:42:52Z,2026-04-18T14:35:00+10:00,SA1,renewables_pct,5m,5,lightgbm_residual_blend,1.0,80.02020983481638,5.8322175943935495,85.85242742920994
2026-04-18T04:42:52Z,2026-04-18T14:35:00+10:00,SA1,renewables_pct,15m,15,lightgbm_residual_blend,0.9500000000000001,80.02020983481638,16.10618924669266,95.32108961917442
2026-04-18T04:42:52Z,2026-04-18T14:35:00+10:00,SA1,renewables_pct,30m,30,lightgbm_residual_blend,0.9,80.02020983481638,16.99026895577747,95.3114518950161
2026-04-18T04:42:52Z,2026-04-18T14:35:00+10:00,TAS1,price,5m,5,lightgbm_residual_blend,1.0,92.07,-0.004497795604945728,92.06550220439505
2026-04-18T04:42:52Z,2026-04-18T14:35:00+10:00,TAS1,price,15m,15,lightgbm_residual_blend,1.0,92.07,-0.06735396145706275,92.00264603854293
2026-04-18T04:42:52Z,2026-04-18T14:35:00+10:00,TAS1,price,30m,30,lightgbm_residual_blend,1.0,92.07,-0.2914689171266039,91.77853108287339
2026-04-18T04:42:52Z,2026-04-18T14:35:00+10:00,TAS1,demand,5m,5,lightgbm_residual_blend,1.0,952.63,-2.7286111070721497,949.9013888929278
2026-04-18T04:42:52Z,2026-04-18T14:35:00+10:00,TAS1,demand,15m,15,lightgbm_residual_blend,1.0,952.63,-7.540760304441141,945.0892396955588
2026-04-18T04:42:52Z,2026-04-18T14:35:00+10:00,TAS1,demand,30m,30,lightgbm_residual_blend,1.0,952.63,-10.77242003009479,941.8575799699053
2026-04-18T04:42:52Z,2026-04-18T14:35:00+10:00,TAS1,gen_wind,5m,5,lightgbm_residual_blend,0.5,131.3524,0.3091389663154882,131.50696948315775
2026-04-18T04:42:52Z,2026-04-18T14:35:00+10:00,TAS1,gen_wind,15m,15,lightgbm_residual_blend,0.8500000000000001,131.3524,4.230550196381764,134.9483676669245
2026-04-18T04:42:52Z,2026-04-18T14:35:00+10:00,TAS1,gen_wind,30m,30,lightgbm_residual_blend,0.8500000000000001,131.3524,9.099718572552646,139.08716078666973
2026-04-18T04:42:52Z,2026-04-18T14:35:00+10:00,TAS1,gen_coal_black,5m,5,lightgbm_residual_blend,0.0,0.0,0.0,0.0
2026-04-18T04:42:52Z,2026-04-18T14:35:00+10:00,TAS1,gen_coal_black,15m,15,lightgbm_residual_blend,0.0,0.0,0.0,0.0
2026-04-18T04:42:52Z,2026-04-18T14:35:00+10:00,TAS1,gen_coal_black,30m,30,lightgbm_residual_blend,0.0,0.0,0.0,0.0
2026-04-18T04:42:52Z,2026-04-18T14:35:00+10:00,TAS1,gen_coal_brown,5m,5,lightgbm_residual_blend,0.0,0.0,0.0,0.0
2026-04-18T04:42:52Z,2026-04-18T14:35:00+10:00,TAS1,gen_coal_brown,15m,15,lightgbm_residual_blend,0.0,0.0,0.0,0.0
2026-04-18T04:42:52Z,2026-04-18T14:35:00+10:00,TAS1,gen_coal_brown,30m,30,lightgbm_residual_blend,0.0,0.0,0.0,0.0
2026-04-18T04:42:52Z,2026-04-18T14:35:00+10:00,TAS1,gen_solar_utility,5m,5,lightgbm_residual_blend,0.0,0.0,0.0,0.0
2026-04-18T04:42:52Z,2026-04-18T14:35:00+10:00,TAS1,gen_solar_utility,15m,15,lightgbm_residual_blend,0.0,0.0,0.0,0.0
2026-04-18T04:42:52Z,2026-04-18T14:35:00+10:00,TAS1,gen_solar_utility,30m,30,lightgbm_residual_blend,0.0,0.0,0.0,0.0
2026-04-18T04:42:52Z,2026-04-18T14:35:00+10:00,TAS1,gen_solar_rooftop,5m,5,lightgbm_residual_blend,1.0,0.0,29.60931748426451,29.60931748426451
2026-04-18T04:42:52Z,2026-04-18T14:35:00+10:00,TAS1,gen_solar_rooftop,15m,15,lightgbm_residual_blend,1.0,0.0,73.05046787104618,73.05046787104618
2026-04-18T04:42:52Z,2026-04-18T14:35:00+10:00,TAS1,gen_solar_rooftop,30m,30,lightgbm_residual_blend,1.0,0.0,80.88077554213952,80.88077554213952
2026-04-18T04:42:52Z,2026-04-18T14:35:00+10:00,TAS1,gen_hydro,5m,5,lightgbm_residual_blend,0.9500000000000001,695.9926,4.2854974926725244,700.0638226180389
2026-04-18T04:42:52Z,2026-04-18T14:35:00+10:00,TAS1,gen_hydro,15m,15,lightgbm_residual_blend,1.0,695.9926,0.6737334953372104,696.6663334953372
2026-04-18T04:42:52Z,2026-04-18T14:35:00+10:00,TAS1,gen_hydro,30m,30,lightgbm_residual_blend,1.0,695.9926,-6.198250155256272,689.7943498447438
2026-04-18T04:42:52Z,2026-04-18T14:35:00+10:00,TAS1,gen_battery_discharging,5m,5,lightgbm_residual_blend,0.0,0.0,0.0,0.0
2026-04-18T04:42:52Z,2026-04-18T14:35:00+10:00,TAS1,gen_battery_discharging,15m,15,lightgbm_residual_blend,0.0,0.0,0.0,0.0
2026-04-18T04:42:52Z,2026-04-18T14:35:00+10:00,TAS1,gen_battery_discharging,30m,30,lightgbm_residual_blend,0.0,0.0,0.0,0.0
2026-04-18T04:42:52Z,2026-04-18T14:35:00+10:00,TAS1,renewables_pct,5m,5,lightgbm_residual_blend,0.15000000000000002,100.0,-0.0004901622812912142,99.9999264756578
2026-04-18T04:42:52Z,2026-04-18T14:35:00+10:00,TAS1,renewables_pct,15m,15,lightgbm_residual_blend,0.15000000000000002,100.0,-0.0007075677223610562,99.99989386484165
2026-04-18T04:42:52Z,2026-04-18T14:35:00+10:00,TAS1,renewables_pct,30m,30,lightgbm_residual_blend,0.1,100.0,-0.0014647524993332552,99.99985352475007
2026-04-18T04:42:52Z,2026-04-18T14:35:00+10:00,VIC1,price,5m,5,lightgbm_residual_blend,1.0,-2.82,0.08068475222292945,-2.7393152477770704
2026-04-18T04:42:52Z,2026-04-18T14:35:00+10:00,VIC1,price,15m,15,lightgbm_residual_blend,1.0,-2.82,0.3545393776555626,-2.465460622344437
2026-04-18T04:42:52Z,2026-04-18T14:35:00+10:00,VIC1,price,30m,30,lightgbm_residual_blend,1.0,-2.82,0.60461983651563,-2.2153801634843697
2026-04-18T04:42:52Z,2026-04-18T14:35:00+10:00,VIC1,demand,5m,5,lightgbm_residual_blend,1.0,3122.95,-26.804979900318674,3096.145020099681
2026-04-18T04:42:52Z,2026-04-18T14:35:00+10:00,VIC1,demand,15m,15,lightgbm_residual_blend,1.0,3122.95,-42.26647579385438,3080.6835242061456
2026-04-18T04:42:52Z,2026-04-18T14:35:00+10:00,VIC1,demand,30m,30,lightgbm_residual_blend,1.0,3122.95,-54.78430989352001,3068.16569010648
2026-04-18T04:42:52Z,2026-04-18T14:35:00+10:00,VIC1,gen_wind,5m,5,lightgbm_residual_blend,1.0,99.8573,4.176929177534848,104.03422917753484
2026-04-18T04:42:52Z,2026-04-18T14:35:00+10:00,VIC1,gen_wind,15m,15,lightgbm_residual_blend,1.0,99.8573,11.784717984029708,111.6420179840297
2026-04-18T04:42:52Z,2026-04-18T14:35:00+10:00,VIC1,gen_wind,30m,30,lightgbm_residual_blend,1.0,99.8573,18.105399772185965,117.96269977218596
2026-04-18T04:42:52Z,2026-04-18T14:35:00+10:00,VIC1,gen_coal_black,5m,5,lightgbm_residual_blend,0.0,0.0,0.0,0.0
2026-04-18T04:42:52Z,2026-04-18T14:35:00+10:00,VIC1,gen_coal_black,15m,15,lightgbm_residual_blend,0.0,0.0,0.0,0.0
2026-04-18T04:42:52Z,2026-04-18T14:35:00+10:00,VIC1,gen_coal_black,30m,30,lightgbm_residual_blend,0.0,0.0,0.0,0.0
2026-04-18T04:42:52Z,2026-04-18T14:35:00+10:00,VIC1,gen_coal_brown,5m,5,lightgbm_residual_blend,1.0,2694.3438,-9.238268374253671,2685.1055316257466
2026-04-18T04:42:52Z,2026-04-18T14:35:00+10:00,VIC1,gen_coal_brown,15m,15,lightgbm_residual_blend,1.0,2694.3438,-12.132201721704016,2682.211598278296
2026-04-18T04:42:52Z,2026-04-18T14:35:00+10:00,VIC1,gen_coal_brown,30m,30,lightgbm_residual_blend,1.0,2694.3438,-0.5978237936469344,2693.745976206353
2026-04-18T04:42:52Z,2026-04-18T14:35:00+10:00,VIC1,gen_solar_utility,5m,5,lightgbm_residual_blend,0.9,1076.9683,1.180741903778641,1078.0309677134007
2026-04-18T04:42:52Z,2026-04-18T14:35:00+10:00,VIC1,gen_solar_utility,15m,15,lightgbm_residual_blend,0.8500000000000001,1076.9683,12.221020839301344,1087.3561677134062
2026-04-18T04:42:52Z,2026-04-18T14:35:00+10:00,VIC1,gen_solar_utility,30m,30,lightgbm_residual_blend,0.8500000000000001,1076.9683,21.54668389450269,1095.2829813103274
2026-04-18T04:42:52Z,2026-04-18T14:35:00+10:00,VIC1,gen_solar_rooftop,5m,5,lightgbm_residual_blend,1.0,0.0,608.0532735336291,608.0532735336291
2026-04-18T04:42:52Z,2026-04-18T14:35:00+10:00,VIC1,gen_solar_rooftop,15m,15,lightgbm_residual_blend,1.0,0.0,1522.7476031675926,1522.7476031675926
2026-04-18T04:42:52Z,2026-04-18T14:35:00+10:00,VIC1,gen_solar_rooftop,30m,30,lightgbm_residual_blend,1.0,0.0,1545.044699311027,1545.044699311027
2026-04-18T04:42:52Z,2026-04-18T14:35:00+10:00,VIC1,gen_hydro,5m,5,lightgbm_residual_blend,0.7000000000000001,0.32,-3.3721611142705474,-2.0405127799893834
2026-04-18T04:42:52Z,2026-04-18T14:35:00+10:00,VIC1,gen_hydro,15m,15,lightgbm_residual_blend,0.9500000000000001,0.32,-8.387877764400722,-7.648483876180686
2026-04-18T04:42:52Z,2026-04-18T14:35:00+10:00,VIC1,gen_hydro,30m,30,lightgbm_residual_blend,1.0,0.32,-23.07769319831267,-22.75769319831267
2026-04-18T04:42:52Z,2026-04-18T14:35:00+10:00,VIC1,gen_battery_discharging,5m,5,lightgbm_residual_blend,1.0,0.0533,-0.12301756955953501,-0.06971756955953501
2026-04-18T04:42:52Z,2026-04-18T14:35:00+10:00,VIC1,gen_battery_discharging,15m,15,lightgbm_residual_blend,1.0,0.0533,-2.3949807742856057,-2.3416807742856056
2026-04-18T04:42:52Z,2026-04-18T14:35:00+10:00,VIC1,gen_battery_discharging,30m,30,lightgbm_residual_blend,1.0,0.0533,-6.186889473781238,-6.133589473781238
2026-04-18T04:42:52Z,2026-04-18T14:35:00+10:00,VIC1,renewables_pct,5m,5,lightgbm_residual_blend,1.0,30.40645528719081,5.755793426648665,36.162248713839475
2026-04-18T04:42:52Z,2026-04-18T14:35:00+10:00,VIC1,renewables_pct,15m,15,lightgbm_residual_blend,1.0,30.40645528719081,16.394910865550543,46.80136615274135
2026-04-18T04:42:52Z,2026-04-18T14:35:00+10:00,VIC1,renewables_pct,30m,30,lightgbm_residual_blend,1.0,30.40645528719081,17.65700307360381,48.06345836079462
2026-04-18T04:44:47Z,2026-04-18T14:35:00+10:00,NSW1,price,5m,5,lightgbm_residual_blend,1.0,-2.98,0.1593112835309392,-2.8206887164690606
2026-04-18T04:44:47Z,2026-04-18T14:35:00+10:00,NSW1,price,15m,15,lightgbm_residual_blend,1.0,-2.98,1.2626149526055133,-1.7173850473944867
2026-04-18T04:44:47Z,2026-04-18T14:35:00+10:00,NSW1,price,30m,30,lightgbm_residual_blend,0.9500000000000001,-2.98,2.9840692036748617,-0.14513425650888134
2026-04-18T04:44:47Z,2026-04-18T14:35:00+10:00,NSW1,demand,5m,5,lightgbm_residual_blend,1.0,4647.92,1.867677132993148,4649.787677132993
2026-04-18T04:44:47Z,2026-04-18T14:35:00+10:00,NSW1,demand,15m,15,lightgbm_residual_blend,1.0,4647.92,35.739396216059056,4683.65939621606
2026-04-18T04:44:47Z,2026-04-18T14:35:00+10:00,NSW1,demand,30m,30,lightgbm_residual_blend,1.0,4647.92,145.7375876514913,4793.657587651492
2026-04-18T04:44:47Z,2026-04-18T14:35:00+10:00,NSW1,gen_wind,5m,5,lightgbm_residual_blend,1.0,264.5859,-1.3182307170640784,263.2676692829359
2026-04-18T04:44:47Z,2026-04-18T14:35:00+10:00,NSW1,gen_wind,15m,15,lightgbm_residual_blend,0.9,264.5859,7.101567968986173,270.9773111720875
2026-04-18T04:44:47Z,2026-04-18T14:35:00+10:00,NSW1,gen_wind,30m,30,lightgbm_residual_blend,0.8500000000000001,264.5859,14.753366688591337,277.1262616853026
2026-04-18T04:44:47Z,2026-04-18T14:35:00+10:00,NSW1,gen_coal_black,5m,5,lightgbm_residual_blend,1.0,2440.1199,18.702600744437685,2458.822500744438
2026-04-18T04:44:47Z,2026-04-18T14:35:00+10:00,NSW1,gen_coal_black,15m,15,lightgbm_residual_blend,1.0,2440.1199,54.89299627687479,2495.012896276875
2026-04-18T04:44:47Z,2026-04-18T14:35:00+10:00,NSW1,gen_coal_black,30m,30,lightgbm_residual_blend,1.0,2440.1199,140.09463901505356,2580.2145390150536
2026-04-18T04:44:47Z,2026-04-18T14:35:00+10:00,NSW1,gen_coal_brown,5m,5,lightgbm_residual_blend,0.0,0.0,0.0,0.0
2026-04-18T04:44:47Z,2026-04-18T14:35:00+10:00,NSW1,gen_coal_brown,15m,15,lightgbm_residual_blend,0.0,0.0,0.0,0.0
2026-04-18T04:44:47Z,2026-04-18T14:35:00+10:00,NSW1,gen_coal_brown,30m,30,lightgbm_residual_blend,0.0,0.0,0.0,0.0
2026-04-18T04:44:47Z,2026-04-18T14:35:00+10:00,NSW1,gen_solar_utility,5m,5,lightgbm_residual_blend,1.0,2811.9322,-4.386999444276323,2807.545200555724
2026-04-18T04:44:47Z,2026-04-18T14:35:00+10:00,NSW1,gen_solar_utility,15m,15,lightgbm_residual_blend,1.0,2811.9322,-4.501504731113885,2807.430695268886
2026-04-18T04:44:47Z,2026-04-18T14:35:00+10:00,NSW1,gen_solar_utility,30m,30,lightgbm_residual_blend,1.0,2811.9322,-14.664835540710534,2797.2673644592896
2026-04-18T04:44:47Z,2026-04-18T14:35:00+10:00,NSW1,gen_solar_rooftop,5m,5,lightgbm_residual_blend,1.0,0.0,523.8566099499113,523.8566099499113
2026-04-18T04:44:47Z,2026-04-18T14:35:00+10:00,NSW1,gen_solar_rooftop,15m,15,lightgbm_residual_blend,1.0,0.0,1178.246211068889,1178.246211068889
2026-04-18T04:44:47Z,2026-04-18T14:35:00+10:00,NSW1,gen_solar_rooftop,30m,30,lightgbm_residual_blend,1.0,0.0,1113.7148359659075,1113.7148359659075
2026-04-18T04:44:47Z,2026-04-18T14:35:00+10:00,NSW1,gen_hydro,5m,5,lightgbm_residual_blend,1.0,18.9757,0.4507708256826715,19.42647082568267
2026-04-18T04:44:47Z,2026-04-18T14:35:00+10:00,NSW1,gen_hydro,15m,15,lightgbm_residual_blend,0.8,18.9757,0.48613505801326945,19.364608046410616
2026-04-18T04:44:47Z,2026-04-18T14:35:00+10:00,NSW1,gen_hydro,30m,30,lightgbm_residual_blend,0.65,18.9757,3.830756692782274,21.465691850308477
2026-04-18T04:44:47Z,2026-04-18T14:35:00+10:00,NSW1,gen_battery_discharging,5m,5,lightgbm_residual_blend,0.6000000000000001,9.588,0.10130363616125015,9.648782181696749
2026-04-18T04:44:47Z,2026-04-18T14:35:00+10:00,NSW1,gen_battery_discharging,15m,15,lightgbm_residual_blend,1.0,9.588,1.765206731330219,11.353206731330218
2026-04-18T04:44:47Z,2026-04-18T14:35:00+10:00,NSW1,gen_battery_discharging,30m,30,lightgbm_residual_blend,1.0,9.588,3.163848039626758,12.751848039626758
2026-04-18T04:44:47Z,2026-04-18T14:35:00+10:00,NSW1,renewables_pct,5m,5,lightgbm_residual_blend,1.0,55.71555961339653,2.462165819027258,58.177725432423784
2026-04-18T04:44:47Z,2026-04-18T14:35:00+10:00,NSW1,renewables_pct,15m,15,lightgbm_residual_blend,1.0,55.71555961339653,4.693149278373624,60.408708891770154
2026-04-18T04:44:47Z,2026-04-18T14:35:00+10:00,NSW1,renewables_pct,30m,30,lightgbm_residual_blend,1.0,55.71555961339653,2.1059242406569907,57.82148385405352
2026-04-18T04:44:47Z,2026-04-18T14:35:00+10:00,QLD1,price,5m,5,lightgbm_residual_blend,1.0,-3.2,0.03756934300622279,-3.1624306569937772
2026-04-18T04:44:47Z,2026-04-18T14:35:00+10:00,QLD1,price,15m,15,lightgbm_residual_blend,1.0,-3.2,1.264585786051194,-1.9354142139488062
2026-04-18T04:44:47Z,2026-04-18T14:35:00+10:00,QLD1,price,30m,30,lightgbm_residual_blend,1.0,-3.2,2.650996974095401,-0.5490030259045993
2026-04-18T04:44:47Z,2026-04-18T14:35:00+10:00,QLD1,demand,5m,5,lightgbm_residual_blend,1.0,5109.99,-25.43338117077454,5084.556618829225
2026-04-18T04:44:47Z,2026-04-18T14:35:00+10:00,QLD1,demand,15m,15,lightgbm_residual_blend,1.0,5109.99,26.97876627824394,5136.9687662782435
2026-04-18T04:44:47Z,2026-04-18T14:35:00+10:00,QLD1,demand,30m,30,lightgbm_residual_blend,1.0,5109.99,87.70234354009624,5197.692343540096
2026-04-18T04:44:47Z,2026-04-18T14:35:00+10:00,QLD1,gen_wind,5m,5,lightgbm_residual_blend,1.0,247.961,-0.7219101092297701,247.23908989077023
2026-04-18T04:44:47Z,2026-04-18T14:35:00+10:00,QLD1,gen_wind,15m,15,lightgbm_residual_blend,0.9500000000000001,247.961,-0.35928039522485733,247.6196836245364
2026-04-18T04:44:47Z,2026-04-18T14:35:00+10:00,QLD1,gen_wind,30m,30,lightgbm_residual_blend,0.9,247.961,1.4459491701183937,249.26235425310657
2026-04-18T04:44:47Z,2026-04-18T14:35:00+10:00,QLD1,gen_coal_black,5m,5,lightgbm_residual_blend,0.9,3608.1707,-0.7311726235968534,3607.512644638763
2026-04-18T04:44:47Z,2026-04-18T14:35:00+10:00,QLD1,gen_coal_black,15m,15,lightgbm_residual_blend,0.9500000000000001,3608.1707,29.04441883153594,3635.7628978899593
2026-04-18T04:44:47Z,2026-04-18T14:35:00+10:00,QLD1,gen_coal_black,30m,30,lightgbm_residual_blend,0.9500000000000001,3608.1707,67.5015490023927,3672.297171552273
2026-04-18T04:44:47Z,2026-04-18T14:35:00+10:00,QLD1,gen_coal_brown,5m,5,lightgbm_residual_blend,0.0,0.0,0.0,0.0
2026-04-18T04:44:47Z,2026-04-18T14:35:00+10:00,QLD1,gen_coal_brown,15m,15,lightgbm_residual_blend,0.0,0.0,0.0,0.0
2026-04-18T04:44:47Z,2026-04-18T14:35:00+10:00,QLD1,gen_coal_brown,30m,30,lightgbm_residual_blend,0.0,0.0,0.0,0.0
2026-04-18T04:44:47Z,2026-04-18T14:35:00+10:00,QLD1,gen_solar_utility,5m,5,lightgbm_residual_blend,1.0,2047.6283,-13.760183275562419,2033.8681167244376
2026-04-18T04:44:47Z,2026-04-18T14:35:00+10:00,QLD1,gen_solar_utility,15m,15,lightgbm_residual_blend,1.0,2047.6283,-24.34096981584995,2023.28733018415
2026-04-18T04:44:47Z,2026-04-18T14:35:00+10:00,QLD1,gen_solar_utility,30m,30,lightgbm_residual_blend,1.0,2047.6283,-52.90326880720251,1994.7250311927976
2026-04-18T04:44:47Z,2026-04-18T14:35:00+10:00,QLD1,gen_solar_rooftop,5m,5,lightgbm_residual_blend,1.0,0.0,548.0630896604886,548.0630896604886
2026-04-18T04:44:47Z,2026-04-18T14:35:00+10:00,QLD1,gen_solar_rooftop,15m,15,lightgbm_residual_blend,1.0,0.0,1266.5517805502488,1266.5517805502488
2026-04-18T04:44:47Z,2026-04-18T14:35:00+10:00,QLD1,gen_solar_rooftop,30m,30,lightgbm_residual_blend,1.0,0.0,1433.7471482308958,1433.7471482308958
2026-04-18T04:44:47Z,2026-04-18T14:35:00+10:00,QLD1,gen_hydro,5m,5,lightgbm_residual_blend,0.8500000000000001,55.15,0.15799206126872112,55.28429325207841
2026-04-18T04:44:47Z,2026-04-18T14:35:00+10:00,QLD1,gen_hydro,15m,15,lightgbm_residual_blend,0.8,55.15,6.549201667851123,60.3893613342809
2026-04-18T04:44:47Z,2026-04-18T14:35:00+10:00,QLD1,gen_hydro,30m,30,lightgbm_residual_blend,0.8,55.15,2.9721351999606904,57.527708159968554
2026-04-18T04:44:47Z,2026-04-18T14:35:00+10:00,QLD1,gen_battery_discharging,5m,5,lightgbm_residual_blend,0.9500000000000001,5.3797,1.0467459317932615,6.374108635203598
2026-04-18T04:44:47Z,2026-04-18T14:35:00+10:00,QLD1,gen_battery_discharging,15m,15,lightgbm_residual_blend,1.0,5.3797,4.064753965343814,9.444453965343815
2026-04-18T04:44:47Z,2026-04-18T14:35:00+10:00,QLD1,gen_battery_discharging,30m,30,lightgbm_residual_blend,1.0,5.3797,12.08289531804039,17.46259531804039
2026-04-18T04:44:47Z,2026-04-18T14:35:00+10:00,QLD1,renewables_pct,5m,5,lightgbm_residual_blend,1.0,38.529604993422694,3.2020830742906106,41.73168806771331
2026-04-18T04:44:47Z,2026-04-18T14:35:00+10:00,QLD1,renewables_pct,15m,15,lightgbm_residual_blend,1.0,38.529604993422694,7.758642686579572,46.288247680002264
2026-04-18T04:44:47Z,2026-04-18T14:35:00+10:00,QLD1,renewables_pct,30m,30,lightgbm_residual_blend,1.0,38.529604993422694,6.273766764866966,44.80337175828966
2026-04-18T04:44:47Z,2026-04-18T14:35:00+10:00,SA1,price,5m,5,lightgbm_residual_blend,1.0,-2.12,0.7368866123606039,-1.3831133876393962
2026-04-18T04:44:47Z,2026-04-18T14:35:00+10:00,SA1,price,15m,15,lightgbm_residual_blend,1.0,-2.12,0.8262323902695341,-1.293767609730466
2026-04-18T04:44:47Z,2026-04-18T14:35:00+10:00,SA1,price,30m,30,lightgbm_residual_blend,1.0,-2.12,1.1295378182386713,-0.9904621817613288
2026-04-18T04:44:47Z,2026-04-18T14:35:00+10:00,SA1,demand,5m,5,lightgbm_residual_blend,1.0,204.99,-0.2579779294793038,204.7320220705207
2026-04-18T04:44:47Z,2026-04-18T14:35:00+10:00,SA1,demand,15m,15,lightgbm_residual_blend,1.0,204.99,0.04882893917135363,205.03882893917137
2026-04-18T04:44:47Z,2026-04-18T14:35:00+10:00,SA1,demand,30m,30,lightgbm_residual_blend,1.0,204.99,-1.3203261196902008,203.6696738803098
2026-04-18T04:44:47Z,2026-04-18T14:35:00+10:00,SA1,gen_wind,5m,5,lightgbm_residual_blend,1.0,57.9991,10.243511881527265,68.24261188152727
2026-04-18T04:44:47Z,2026-04-18T14:35:00+10:00,SA1,gen_wind,15m,15,lightgbm_residual_blend,1.0,57.9991,2.728618238642381,60.72771823864238
2026-04-18T04:44:47Z,2026-04-18T14:35:00+10:00,SA1,gen_wind,30m,30,lightgbm_residual_blend,1.0,57.9991,-1.968974929499816,56.03012507050018
2026-04-18T04:44:47Z,2026-04-18T14:35:00+10:00,SA1,gen_coal_black,5m,5,lightgbm_residual_blend,0.0,0.0,0.0,0.0
2026-04-18T04:44:47Z,2026-04-18T14:35:00+10:00,SA1,gen_coal_black,15m,15,lightgbm_residual_blend,0.0,0.0,0.0,0.0
2026-04-18T04:44:47Z,2026-04-18T14:35:00+10:00,SA1,gen_coal_black,30m,30,lightgbm_residual_blend,0.0,0.0,0.0,0.0
2026-04-18T04:44:47Z,2026-04-18T14:35:00+10:00,SA1,gen_coal_brown,5m,5,lightgbm_residual_blend,0.0,0.0,0.0,0.0
2026-04-18T04:44:47Z,2026-04-18T14:35:00+10:00,SA1,gen_coal_brown,15m,15,lightgbm_residual_blend,0.0,0.0,0.0,0.0
2026-04-18T04:44:47Z,2026-04-18T14:35:00+10:00,SA1,gen_coal_brown,30m,30,lightgbm_residual_blend,0.0,0.0,0.0,0.0
2026-04-18T04:44:47Z,2026-04-18T14:35:00+10:00,SA1,gen_solar_utility,5m,5,lightgbm_residual_blend,0.65,285.4566,1.9821182420588404,286.7449768573382
2026-04-18T04:44:47Z,2026-04-18T14:35:00+10:00,SA1,gen_solar_utility,15m,15,lightgbm_residual_blend,0.75,285.4566,-8.474611407011903,279.10064144474103
2026-04-18T04:44:47Z,2026-04-18T14:35:00+10:00,SA1,gen_solar_utility,30m,30,lightgbm_residual_blend,0.7000000000000001,285.4566,-14.818181950248979,275.0838726348257
2026-04-18T04:44:47Z,2026-04-18T14:35:00+10:00,SA1,gen_solar_rooftop,5m,5,lightgbm_residual_blend,1.0,0.0,262.8953795775757,262.8953795775757
2026-04-18T04:44:47Z,2026-04-18T14:35:00+10:00,SA1,gen_solar_rooftop,15m,15,lightgbm_residual_blend,1.0,0.0,783.4086448567359,783.4086448567359
2026-04-18T04:44:47Z,2026-04-18T14:35:00+10:00,SA1,gen_solar_rooftop,30m,30,lightgbm_residual_blend,1.0,0.0,698.7740684047823,698.7740684047823
2026-04-18T04:44:47Z,2026-04-18T14:35:00+10:00,SA1,gen_hydro,5m,5,lightgbm_residual_blend,0.0,0.0,0.0,0.0
2026-04-18T04:44:47Z,2026-04-18T14:35:00+10:00,SA1,gen_hydro,15m,15,lightgbm_residual_blend,0.0,0.0,0.0,0.0
2026-04-18T04:44:47Z,2026-04-18T14:35:00+10:00,SA1,gen_hydro,30m,30,lightgbm_residual_blend,0.0,0.0,0.0,0.0
2026-04-18T04:44:47Z,2026-04-18T14:35:00+10:00,SA1,gen_battery_discharging,5m,5,lightgbm_residual_blend,1.0,0.147,-7.884067254232582,-7.737067254232581
2026-04-18T04:44:47Z,2026-04-18T14:35:00+10:00,SA1,gen_battery_discharging,15m,15,lightgbm_residual_blend,0.9500000000000001,0.147,-12.62714645659557,-11.848789133765791
2026-04-18T04:44:47Z,2026-04-18T14:35:00+10:00,SA1,gen_battery_discharging,30m,30,lightgbm_residual_blend,0.8500000000000001,0.147,-23.051840467109347,-19.447064397042947
2026-04-18T04:44:47Z,2026-04-18T14:35:00+10:00,SA1,renewables_pct,5m,5,lightgbm_residual_blend,1.0,80.02020983481638,5.8322175943935495,85.85242742920994
2026-04-18T04:44:47Z,2026-04-18T14:35:00+10:00,SA1,renewables_pct,15m,15,lightgbm_residual_blend,0.9500000000000001,80.02020983481638,16.10618924669266,95.32108961917442
2026-04-18T04:44:47Z,2026-04-18T14:35:00+10:00,SA1,renewables_pct,30m,30,lightgbm_residual_blend,0.9,80.02020983481638,16.99026895577747,95.3114518950161
2026-04-18T04:44:47Z,2026-04-18T14:35:00+10:00,TAS1,price,5m,5,lightgbm_residual_blend,1.0,92.07,-0.004497795604945728,92.06550220439505
2026-04-18T04:44:47Z,2026-04-18T14:35:00+10:00,TAS1,price,15m,15,lightgbm_residual_blend,1.0,92.07,-0.06735396145706275,92.00264603854293
2026-04-18T04:44:47Z,2026-04-18T14:35:00+10:00,TAS1,price,30m,30,lightgbm_residual_blend,1.0,92.07,-0.2914689171266039,91.77853108287339
2026-04-18T04:44:47Z,2026-04-18T14:35:00+10:00,TAS1,demand,5m,5,lightgbm_residual_blend,1.0,952.63,-2.7286111070721497,949.9013888929278
2026-04-18T04:44:47Z,2026-04-18T14:35:00+10:00,TAS1,demand,15m,15,lightgbm_residual_blend,1.0,952.63,-7.540760304441141,945.0892396955588
2026-04-18T04:44:47Z,2026-04-18T14:35:00+10:00,TAS1,demand,30m,30,lightgbm_residual_blend,1.0,952.63,-10.77242003009479,941.8575799699053
2026-04-18T04:44:47Z,2026-04-18T14:35:00+10:00,TAS1,gen_wind,5m,5,lightgbm_residual_blend,0.5,131.3524,0.3091389663154882,131.50696948315775
2026-04-18T04:44:47Z,2026-04-18T14:35:00+10:00,TAS1,gen_wind,15m,15,lightgbm_residual_blend,0.8500000000000001,131.3524,4.230550196381764,134.9483676669245
2026-04-18T04:44:47Z,2026-04-18T14:35:00+10:00,TAS1,gen_wind,30m,30,lightgbm_residual_blend,0.8500000000000001,131.3524,9.099718572552646,139.08716078666973
2026-04-18T04:44:47Z,2026-04-18T14:35:00+10:00,TAS1,gen_coal_black,5m,5,lightgbm_residual_blend,0.0,0.0,0.0,0.0
2026-04-18T04:44:47Z,2026-04-18T14:35:00+10:00,TAS1,gen_coal_black,15m,15,lightgbm_residual_blend,0.0,0.0,0.0,0.0
2026-04-18T04:44:47Z,2026-04-18T14:35:00+10:00,TAS1,gen_coal_black,30m,30,lightgbm_residual_blend,0.0,0.0,0.0,0.0
2026-04-18T04:44:47Z,2026-04-18T14:35:00+10:00,TAS1,gen_coal_brown,5m,5,lightgbm_residual_blend,0.0,0.0,0.0,0.0
2026-04-18T04:44:47Z,2026-04-18T14:35:00+10:00,TAS1,gen_coal_brown,15m,15,lightgbm_residual_blend,0.0,0.0,0.0,0.0
2026-04-18T04:44:47Z,2026-04-18T14:35:00+10:00,TAS1,gen_coal_brown,30m,30,lightgbm_residual_blend,0.0,0.0,0.0,0.0
2026-04-18T04:44:47Z,2026-04-18T14:35:00+10:00,TAS1,gen_solar_utility,5m,5,lightgbm_residual_blend,0.0,0.0,0.0,0.0
2026-04-18T04:44:47Z,2026-04-18T14:35:00+10:00,TAS1,gen_solar_utility,15m,15,lightgbm_residual_blend,0.0,0.0,0.0,0.0
2026-04-18T04:44:47Z,2026-04-18T14:35:00+10:00,TAS1,gen_solar_utility,30m,30,lightgbm_residual_blend,0.0,0.0,0.0,0.0
2026-04-18T04:44:47Z,2026-04-18T14:35:00+10:00,TAS1,gen_solar_rooftop,5m,5,lightgbm_residual_blend,1.0,0.0,29.60931748426451,29.60931748426451
2026-04-18T04:44:47Z,2026-04-18T14:35:00+10:00,TAS1,gen_solar_rooftop,15m,15,lightgbm_residual_blend,1.0,0.0,73.05046787104618,73.05046787104618
2026-04-18T04:44:47Z,2026-04-18T14:35:00+10:00,TAS1,gen_solar_rooftop,30m,30,lightgbm_residual_blend,1.0,0.0,80.88077554213952,80.88077554213952
2026-04-18T04:44:47Z,2026-04-18T14:35:00+10:00,TAS1,gen_hydro,5m,5,lightgbm_residual_blend,0.9500000000000001,695.9926,4.2854974926725244,700.0638226180389
2026-04-18T04:44:47Z,2026-04-18T14:35:00+10:00,TAS1,gen_hydro,15m,15,lightgbm_residual_blend,1.0,695.9926,0.6737334953372104,696.6663334953372
2026-04-18T04:44:47Z,2026-04-18T14:35:00+10:00,TAS1,gen_hydro,30m,30,lightgbm_residual_blend,1.0,695.9926,-6.198250155256272,689.7943498447438
2026-04-18T04:44:47Z,2026-04-18T14:35:00+10:00,TAS1,gen_battery_discharging,5m,5,lightgbm_residual_blend,0.0,0.0,0.0,0.0
2026-04-18T04:44:47Z,2026-04-18T14:35:00+10:00,TAS1,gen_battery_discharging,15m,15,lightgbm_residual_blend,0.0,0.0,0.0,0.0
2026-04-18T04:44:47Z,2026-04-18T14:35:00+10:00,TAS1,gen_battery_discharging,30m,30,lightgbm_residual_blend,0.0,0.0,0.0,0.0
2026-04-18T04:44:47Z,2026-04-18T14:35:00+10:00,TAS1,renewables_pct,5m,5,lightgbm_residual_blend,0.15000000000000002,100.0,-0.0004901622812912142,99.9999264756578
2026-04-18T04:44:47Z,2026-04-18T14:35:00+10:00,TAS1,renewables_pct,15m,15,lightgbm_residual_blend,0.15000000000000002,100.0,-0.0007075677223610562,99.99989386484165
2026-04-18T04:44:47Z,2026-04-18T14:35:00+10:00,TAS1,renewables_pct,30m,30,lightgbm_residual_blend,0.1,100.0,-0.0014647524993332552,99.99985352475007
2026-04-18T04:44:47Z,2026-04-18T14:35:00+10:00,VIC1,price,5m,5,lightgbm_residual_blend,1.0,-2.82,0.08068475222292945,-2.7393152477770704
2026-04-18T04:44:47Z,2026-04-18T14:35:00+10:00,VIC1,price,15m,15,lightgbm_residual_blend,1.0,-2.82,0.3545393776555626,-2.465460622344437
2026-04-18T04:44:47Z,2026-04-18T14:35:00+10:00,VIC1,price,30m,30,lightgbm_residual_blend,1.0,-2.82,0.60461983651563,-2.2153801634843697
2026-04-18T04:44:47Z,2026-04-18T14:35:00+10:00,VIC1,demand,5m,5,lightgbm_residual_blend,1.0,3122.95,-26.804979900318674,3096.145020099681
2026-04-18T04:44:47Z,2026-04-18T14:35:00+10:00,VIC1,demand,15m,15,lightgbm_residual_blend,1.0,3122.95,-42.26647579385438,3080.6835242061456
2026-04-18T04:44:47Z,2026-04-18T14:35:00+10:00,VIC1,demand,30m,30,lightgbm_residual_blend,1.0,3122.95,-54.78430989352001,3068.16569010648
2026-04-18T04:44:47Z,2026-04-18T14:35:00+10:00,VIC1,gen_wind,5m,5,lightgbm_residual_blend,1.0,99.8573,4.176929177534848,104.03422917753484
2026-04-18T04:44:47Z,2026-04-18T14:35:00+10:00,VIC1,gen_wind,15m,15,lightgbm_residual_blend,1.0,99.8573,11.784717984029708,111.6420179840297
2026-04-18T04:44:47Z,2026-04-18T14:35:00+10:00,VIC1,gen_wind,30m,30,lightgbm_residual_blend,1.0,99.8573,18.105399772185965,117.96269977218596
2026-04-18T04:44:47Z,2026-04-18T14:35:00+10:00,VIC1,gen_coal_black,5m,5,lightgbm_residual_blend,0.0,0.0,0.0,0.0
2026-04-18T04:44:47Z,2026-04-18T14:35:00+10:00,VIC1,gen_coal_black,15m,15,lightgbm_residual_blend,0.0,0.0,0.0,0.0
2026-04-18T04:44:47Z,2026-04-18T14:35:00+10:00,VIC1,gen_coal_black,30m,30,lightgbm_residual_blend,0.0,0.0,0.0,0.0
2026-04-18T04:44:47Z,2026-04-18T14:35:00+10:00,VIC1,gen_coal_brown,5m,5,lightgbm_residual_blend,1.0,2694.3438,-9.238268374253671,2685.1055316257466
2026-04-18T04:44:47Z,2026-04-18T14:35:00+10:00,VIC1,gen_coal_brown,15m,15,lightgbm_residual_blend,1.0,2694.3438,-12.132201721704016,2682.211598278296
2026-04-18T04:44:47Z,2026-04-18T14:35:00+10:00,VIC1,gen_coal_brown,30m,30,lightgbm_residual_blend,1.0,2694.3438,-0.5978237936469344,2693.745976206353
2026-04-18T04:44:47Z,2026-04-18T14:35:00+10:00,VIC1,gen_solar_utility,5m,5,lightgbm_residual_blend,0.9,1076.9683,1.180741903778641,1078.0309677134007
2026-04-18T04:44:47Z,2026-04-18T14:35:00+10:00,VIC1,gen_solar_utility,15m,15,lightgbm_residual_blend,0.8500000000000001,1076.9683,12.221020839301344,1087.3561677134062
2026-04-18T04:44:47Z,2026-04-18T14:35:00+10:00,VIC1,gen_solar_utility,30m,30,lightgbm_residual_blend,0.8500000000000001,1076.9683,21.54668389450269,1095.2829813103274
2026-04-18T04:44:47Z,2026-04-18T14:35:00+10:00,VIC1,gen_solar_rooftop,5m,5,lightgbm_residual_blend,1.0,0.0,608.0532735336291,608.0532735336291
2026-04-18T04:44:47Z,2026-04-18T14:35:00+10:00,VIC1,gen_solar_rooftop,15m,15,lightgbm_residual_blend,1.0,0.0,1522.7476031675926,1522.7476031675926
2026-04-18T04:44:47Z,2026-04-18T14:35:00+10:00,VIC1,gen_solar_rooftop,30m,30,lightgbm_residual_blend,1.0,0.0,1545.044699311027,1545.044699311027
2026-04-18T04:44:47Z,2026-04-18T14:35:00+10:00,VIC1,gen_hydro,5m,5,lightgbm_residual_blend,0.7000000000000001,0.32,-3.3721611142705474,-2.0405127799893834
2026-04-18T04:44:47Z,2026-04-18T14:35:00+10:00,VIC1,gen_hydro,15m,15,lightgbm_residual_blend,0.9500000000000001,0.32,-8.387877764400722,-7.648483876180686
2026-04-18T04:44:47Z,2026-04-18T14:35:00+10:00,VIC1,gen_hydro,30m,30,lightgbm_residual_blend,1.0,0.32,-23.07769319831267,-22.75769319831267
2026-04-18T04:44:47Z,2026-04-18T14:35:00+10:00,VIC1,gen_battery_discharging,5m,5,lightgbm_residual_blend,1.0,0.0533,-0.12301756955953501,-0.06971756955953501
2026-04-18T04:44:47Z,2026-04-18T14:35:00+10:00,VIC1,gen_battery_discharging,15m,15,lightgbm_residual_blend,1.0,0.0533,-2.3949807742856057,-2.3416807742856056
2026-04-18T04:44:47Z,2026-04-18T14:35:00+10:00,VIC1,gen_battery_discharging,30m,30,lightgbm_residual_blend,1.0,0.0533,-6.186889473781238,-6.133589473781238
2026-04-18T04:44:47Z,2026-04-18T14:35:00+10:00,VIC1,renewables_pct,5m,5,lightgbm_residual_blend,1.0,30.40645528719081,5.755793426648665,36.162248713839475
2026-04-18T04:44:47Z,2026-04-18T14:35:00+10:00,VIC1,renewables_pct,15m,15,lightgbm_residual_blend,1.0,30.40645528719081,16.394910865550543,46.80136615274135
2026-04-18T04:44:47Z,2026-04-18T14:35:00+10:00,VIC1,renewables_pct,30m,30,lightgbm_residual_blend,1.0,30.40645528719081,17.65700307360381,48.06345836079462
2026-04-18T04:45:33Z,2026-04-18T14:40:00+10:00,NSW1,price,5m,5,lightgbm_residual_blend,1.0,-2.97,0.05114693366766586,-2.918853066332334
2026-04-18T04:45:33Z,2026-04-18T14:40:00+10:00,NSW1,price,15m,15,lightgbm_residual_blend,1.0,-2.97,1.2333598668063597,-1.7366401331936405
2026-04-18T04:45:33Z,2026-04-18T14:40:00+10:00,NSW1,price,30m,30,lightgbm_residual_blend,0.9500000000000001,-2.97,2.7735174329488674,-0.335158438698576
2026-04-18T04:45:33Z,2026-04-18T14:40:00+10:00,NSW1,demand,5m,5,lightgbm_residual_blend,1.0,4676.44,-5.430212841072854,4671.009787158927
2026-04-18T04:45:33Z,2026-04-18T14:40:00+10:00,NSW1,demand,15m,15,lightgbm_residual_blend,1.0,4676.44,28.011086800833457,4704.451086800833
2026-04-18T04:45:33Z,2026-04-18T14:40:00+10:00,NSW1,demand,30m,30,lightgbm_residual_blend,1.0,4676.44,119.85151060583064,4796.29151060583
2026-04-18T04:45:33Z,2026-04-18T14:40:00+10:00,NSW1,gen_wind,5m,5,lightgbm_residual_blend,1.0,258.7086,-0.5692699303133746,258.1393300696866
2026-04-18T04:45:33Z,2026-04-18T14:40:00+10:00,NSW1,gen_wind,15m,15,lightgbm_residual_blend,0.9,258.7086,5.124989217131161,263.32109029541806
2026-04-18T04:45:33Z,2026-04-18T14:40:00+10:00,NSW1,gen_wind,30m,30,lightgbm_residual_blend,0.8500000000000001,258.7086,18.800034449308157,274.6886292819119
2026-04-18T04:45:33Z,2026-04-18T14:40:00+10:00,NSW1,gen_coal_black,5m,5,lightgbm_residual_blend,1.0,2454.9883,16.44073707490938,2471.4290370749095
2026-04-18T04:45:33Z,2026-04-18T14:40:00+10:00,NSW1,gen_coal_black,15m,15,lightgbm_residual_blend,1.0,2454.9883,51.01930353985938,2506.0076035398592
2026-04-18T04:45:33Z,2026-04-18T14:40:00+10:00,NSW1,gen_coal_black,30m,30,lightgbm_residual_blend,1.0,2454.9883,130.78733177128512,2585.775631771285
2026-04-18T04:45:33Z,2026-04-18T14:40:00+10:00,NSW1,gen_coal_brown,5m,5,lightgbm_residual_blend,0.0,0.0,0.0,0.0
2026-04-18T04:45:33Z,2026-04-18T14:40:00+10:00,NSW1,gen_coal_brown,15m,15,lightgbm_residual_blend,0.0,0.0,0.0,0.0
2026-04-18T04:45:33Z,2026-04-18T14:40:00+10:00,NSW1,gen_coal_brown,30m,30,lightgbm_residual_blend,0.0,0.0,0.0,0.0
2026-04-18T04:45:33Z,2026-04-18T14:40:00+10:00,NSW1,gen_solar_utility,5m,5,lightgbm_residual_blend,1.0,3006.3041,-5.014918329371752,3001.2891816706283
2026-04-18T04:45:33Z,2026-04-18T14:40:00+10:00,NSW1,gen_solar_utility,15m,15,lightgbm_residual_blend,1.0,3006.3041,0.8914162577980058,3007.195516257798
2026-04-18T04:45:33Z,2026-04-18T14:40:00+10:00,NSW1,gen_solar_utility,30m,30,lightgbm_residual_blend,1.0,3006.3041,-9.67350186605152,2996.6305981339483
2026-04-18T04:45:33Z,2026-04-18T14:40:00+10:00,NSW1,gen_solar_rooftop,5m,5,lightgbm_residual_blend,1.0,0.0,-187.48170993000366,-187.48170993000366
2026-04-18T04:45:33Z,2026-04-18T14:40:00+10:00,NSW1,gen_solar_rooftop,15m,15,lightgbm_residual_blend,1.0,0.0,-532.5403610786694,-532.5403610786694
2026-04-18T04:45:33Z,2026-04-18T14:40:00+10:00,NSW1,gen_solar_rooftop,30m,30,lightgbm_residual_blend,1.0,0.0,-682.564944609911,-682.564944609911
2026-04-18T04:45:33Z,2026-04-18T14:40:00+10:00,NSW1,gen_hydro,5m,5,lightgbm_residual_blend,1.0,18.9757,0.4507708256826715,19.42647082568267
2026-04-18T04:45:33Z,2026-04-18T14:40:00+10:00,NSW1,gen_hydro,15m,15,lightgbm_residual_blend,0.8,18.9757,-0.8834899892450978,18.268908008603923
2026-04-18T04:45:33Z,2026-04-18T14:40:00+10:00,NSW1,gen_hydro,30m,30,lightgbm_residual_blend,0.65,18.9757,-1.585488965428565,17.945132172471432
2026-04-18T04:45:33Z,2026-04-18T14:40:00+10:00,NSW1,gen_battery_discharging,5m,5,lightgbm_residual_blend,0.6000000000000001,0.2304,0.10130363616125015,0.2911821816967501
2026-04-18T04:45:33Z,2026-04-18T14:40:00+10:00,NSW1,gen_battery_discharging,15m,15,lightgbm_residual_blend,1.0,0.2304,1.0225001783763028,1.2529001783763027
2026-04-18T04:45:33Z,2026-04-18T14:40:00+10:00,NSW1,gen_battery_discharging,30m,30,lightgbm_residual_blend,1.0,0.2304,3.0389588496437447,3.2693588496437447
2026-04-18T04:45:33Z,2026-04-18T14:40:00+10:00,NSW1,renewables_pct,5m,5,lightgbm_residual_blend,1.0,75.78394763322216,-0.675551578653555,75.1083960545686
2026-04-18T04:45:33Z,2026-04-18T14:40:00+10:00,NSW1,renewables_pct,15m,15,lightgbm_residual_blend,1.0,75.78394763322216,-2.256255839802105,73.52769179342005
2026-04-18T04:45:33Z,2026-04-18T14:40:00+10:00,NSW1,renewables_pct,30m,30,lightgbm_residual_blend,1.0,75.78394763322216,-4.40185606215062,71.38209157107154
2026-04-18T04:45:33Z,2026-04-18T14:40:00+10:00,QLD1,price,5m,5,lightgbm_residual_blend,1.0,-3.15,0.029661890403212553,-3.1203381095967875
2026-04-18T04:45:33Z,2026-04-18T14:40:00+10:00,QLD1,price,15m,15,lightgbm_residual_blend,1.0,-3.15,1.5289346144052727,-1.6210653855947272
2026-04-18T04:45:33Z,2026-04-18T14:40:00+10:00,QLD1,price,30m,30,lightgbm_residual_blend,1.0,-3.15,3.60307774874936,0.45307774874936024
2026-04-18T04:45:33Z,2026-04-18T14:40:00+10:00,QLD1,demand,5m,5,lightgbm_residual_blend,1.0,5249.59,-15.589488525963581,5234.000511474037
2026-04-18T04:45:33Z,2026-04-18T14:40:00+10:00,QLD1,demand,15m,15,lightgbm_residual_blend,1.0,5249.59,70.06667026505039,5319.656670265051
2026-04-18T04:45:33Z,2026-04-18T14:40:00+10:00,QLD1,demand,30m,30,lightgbm_residual_blend,1.0,5249.59,189.4321201857829,5439.022120185783
2026-04-18T04:45:33Z,2026-04-18T14:40:00+10:00,QLD1,gen_wind,5m,5,lightgbm_residual_blend,1.0,240.1532,-0.7079981221778998,239.4452018778221
2026-04-18T04:45:33Z,2026-04-18T14:40:00+10:00,QLD1,gen_wind,15m,15,lightgbm_residual_blend,0.9500000000000001,240.1532,-2.359709738874846,237.91147574806888
2026-04-18T04:45:33Z,2026-04-18T14:40:00+10:00,QLD1,gen_wind,30m,30,lightgbm_residual_blend,0.9,240.1532,-0.6359412398187855,239.58085288416308
2026-04-18T04:45:33Z,2026-04-18T14:40:00+10:00,QLD1,gen_coal_black,5m,5,lightgbm_residual_blend,0.9,3633.1788,-4.539823513125208,3629.0929588381873
2026-04-18T04:45:33Z,2026-04-18T14:40:00+10:00,QLD1,gen_coal_black,15m,15,lightgbm_residual_blend,0.9500000000000001,3633.1788,32.44298678401288,3663.9996374448124
2026-04-18T04:45:33Z,2026-04-18T14:40:00+10:00,QLD1,gen_coal_black,30m,30,lightgbm_residual_blend,0.9500000000000001,3633.1788,102.2873499216491,3730.351782425567
2026-04-18T04:45:33Z,2026-04-18T14:40:00+10:00,QLD1,gen_coal_brown,5m,5,lightgbm_residual_blend,0.0,0.0,0.0,0.0
2026-04-18T04:45:33Z,2026-04-18T14:40:00+10:00,QLD1,gen_coal_brown,15m,15,lightgbm_residual_blend,0.0,0.0,0.0,0.0
2026-04-18T04:45:33Z,2026-04-18T14:40:00+10:00,QLD1,gen_coal_brown,30m,30,lightgbm_residual_blend,0.0,0.0,0.0,0.0
2026-04-18T04:45:33Z,2026-04-18T14:40:00+10:00,QLD1,gen_solar_utility,5m,5,lightgbm_residual_blend,1.0,2029.3396,0.9467165536926717,2030.2863165536926
2026-04-18T04:45:33Z,2026-04-18T14:40:00+10:00,QLD1,gen_solar_utility,15m,15,lightgbm_residual_blend,1.0,2029.3396,-17.721034072057883,2011.6185659279422
2026-04-18T04:45:33Z,2026-04-18T14:40:00+10:00,QLD1,gen_solar_utility,30m,30,lightgbm_residual_blend,1.0,2029.3396,-60.5895884516051,1968.750011548395
2026-04-18T04:45:33Z,2026-04-18T14:40:00+10:00,QLD1,gen_solar_rooftop,5m,5,lightgbm_residual_blend,1.0,0.0,-193.26516670267878,-193.26516670267878
2026-04-18T04:45:33Z,2026-04-18T14:40:00+10:00,QLD1,gen_solar_rooftop,15m,15,lightgbm_residual_blend,1.0,0.0,-574.7815691497235,-574.7815691497235
2026-04-18T04:45:33Z,2026-04-18T14:40:00+10:00,QLD1,gen_solar_rooftop,30m,30,lightgbm_residual_blend,1.0,0.0,-545.3289077887264,-545.3289077887264
2026-04-18T04:45:33Z,2026-04-18T14:40:00+10:00,QLD1,gen_hydro,5m,5,lightgbm_residual_blend,0.8500000000000001,55.305,0.9375420243128605,56.101910720665934
2026-04-18T04:45:33Z,2026-04-18T14:40:00+10:00,QLD1,gen_hydro,15m,15,lightgbm_residual_blend,0.8,55.305,1.3627275362200468,56.39518202897604
2026-04-18T04:45:33Z,2026-04-18T14:40:00+10:00,QLD1,gen_hydro,30m,30,lightgbm_residual_blend,0.8,55.305,0.583012193706764,55.77140975496541
2026-04-18T04:45:33Z,2026-04-18T14:40:00+10:00,QLD1,gen_battery_discharging,5m,5,lightgbm_residual_blend,0.9500000000000001,1.1494,0.8422233296194572,1.9495121631384844
2026-04-18T04:45:33Z,2026-04-18T14:40:00+10:00,QLD1,gen_battery_discharging,15m,15,lightgbm_residual_blend,1.0,1.1494,4.816066006454895,5.9654660064548946
2026-04-18T04:45:33Z,2026-04-18T14:40:00+10:00,QLD1,gen_battery_discharging,30m,30,lightgbm_residual_blend,1.0,1.1494,5.090143050518794,6.239543050518794
2026-04-18T04:45:33Z,2026-04-18T14:40:00+10:00,QLD1,renewables_pct,5m,5,lightgbm_residual_blend,1.0,61.656654380337415,-0.7761812394796015,60.880473140857816
2026-04-18T04:45:33Z,2026-04-18T14:40:00+10:00,QLD1,renewables_pct,15m,15,lightgbm_residual_blend,1.0,61.656654380337415,-3.0593870542571753,58.59726732608024
2026-04-18T04:45:33Z,2026-04-18T14:40:00+10:00,QLD1,renewables_pct,30m,30,lightgbm_residual_blend,1.0,61.656654380337415,-3.525970549609691,58.130683830727726
2026-04-18T04:45:33Z,2026-04-18T14:40:00+10:00,SA1,price,5m,5,lightgbm_residual_blend,1.0,-2.79,0.39779414487213793,-2.392205855127862
2026-04-18T04:45:33Z,2026-04-18T14:40:00+10:00,SA1,price,15m,15,lightgbm_residual_blend,1.0,-2.79,1.0583796406647914,-1.7316203593352086
2026-04-18T04:45:33Z,2026-04-18T14:40:00+10:00,SA1,price,30m,30,lightgbm_residual_blend,1.0,-2.79,0.9618428091278522,-1.828157190872148
2026-04-18T04:45:33Z,2026-04-18T14:40:00+10:00,SA1,demand,5m,5,lightgbm_residual_blend,1.0,215.24,2.203024040086255,217.44302404008627
2026-04-18T04:45:33Z,2026-04-18T14:40:00+10:00,SA1,demand,15m,15,lightgbm_residual_blend,1.0,215.24,6.184965335771251,221.42496533577125
2026-04-18T04:45:33Z,2026-04-18T14:40:00+10:00,SA1,demand,30m,30,lightgbm_residual_blend,1.0,215.24,-0.8249906040444309,214.41500939595556
2026-04-18T04:45:33Z,2026-04-18T14:40:00+10:00,SA1,gen_wind,5m,5,lightgbm_residual_blend,1.0,58.7543,-5.53375928839197,53.22054071160803
2026-04-18T04:45:33Z,2026-04-18T14:40:00+10:00,SA1,gen_wind,15m,15,lightgbm_residual_blend,1.0,58.7543,-6.104810105255552,52.64948989474445
2026-04-18T04:45:33Z,2026-04-18T14:40:00+10:00,SA1,gen_wind,30m,30,lightgbm_residual_blend,1.0,58.7543,-4.948509563064978,53.80579043693502
2026-04-18T04:45:33Z,2026-04-18T14:40:00+10:00,SA1,gen_coal_black,5m,5,lightgbm_residual_blend,0.0,0.0,0.0,0.0
2026-04-18T04:45:33Z,2026-04-18T14:40:00+10:00,SA1,gen_coal_black,15m,15,lightgbm_residual_blend,0.0,0.0,0.0,0.0
2026-04-18T04:45:33Z,2026-04-18T14:40:00+10:00,SA1,gen_coal_black,30m,30,lightgbm_residual_blend,0.0,0.0,0.0,0.0
2026-04-18T04:45:33Z,2026-04-18T14:40:00+10:00,SA1,gen_coal_brown,5m,5,lightgbm_residual_blend,0.0,0.0,0.0,0.0
2026-04-18T04:45:33Z,2026-04-18T14:40:00+10:00,SA1,gen_coal_brown,15m,15,lightgbm_residual_blend,0.0,0.0,0.0,0.0
2026-04-18T04:45:33Z,2026-04-18T14:40:00+10:00,SA1,gen_coal_brown,30m,30,lightgbm_residual_blend,0.0,0.0,0.0,0.0
2026-04-18T04:45:33Z,2026-04-18T14:40:00+10:00,SA1,gen_solar_utility,5m,5,lightgbm_residual_blend,0.65,285.4592,-2.4597012879799416,283.86039416281307
2026-04-18T04:45:33Z,2026-04-18T14:40:00+10:00,SA1,gen_solar_utility,15m,15,lightgbm_residual_blend,0.75,285.4592,-10.416571085532945,277.6467716858503
2026-04-18T04:45:33Z,2026-04-18T14:40:00+10:00,SA1,gen_solar_utility,30m,30,lightgbm_residual_blend,0.7000000000000001,285.4592,-21.12026459703962,270.67501478207225
2026-04-18T04:45:33Z,2026-04-18T14:40:00+10:00,SA1,gen_solar_rooftop,5m,5,lightgbm_residual_blend,1.0,0.0,-34.406897184812934,-34.406897184812934
2026-04-18T04:45:33Z,2026-04-18T14:40:00+10:00,SA1,gen_solar_rooftop,15m,15,lightgbm_residual_blend,1.0,0.0,-73.76780894388563,-73.76780894388563
2026-04-18T04:45:33Z,2026-04-18T14:40:00+10:00,SA1,gen_solar_rooftop,30m,30,lightgbm_residual_blend,1.0,0.0,-129.74918454552318,-129.74918454552318
2026-04-18T04:45:33Z,2026-04-18T14:40:00+10:00,SA1,gen_hydro,5m,5,lightgbm_residual_blend,0.0,0.0,0.0,0.0
2026-04-18T04:45:33Z,2026-04-18T14:40:00+10:00,SA1,gen_hydro,15m,15,lightgbm_residual_blend,0.0,0.0,0.0,0.0
2026-04-18T04:45:33Z,2026-04-18T14:40:00+10:00,SA1,gen_hydro,30m,30,lightgbm_residual_blend,0.0,0.0,0.0,0.0
2026-04-18T04:45:33Z,2026-04-18T14:40:00+10:00,SA1,gen_battery_discharging,5m,5,lightgbm_residual_blend,1.0,0.051,0.7817099419723821,0.8327099419723821
2026-04-18T04:45:33Z,2026-04-18T14:40:00+10:00,SA1,gen_battery_discharging,15m,15,lightgbm_residual_blend,0.9500000000000001,0.051,1.802079372507522,1.762975403882146
2026-04-18T04:45:33Z,2026-04-18T14:40:00+10:00,SA1,gen_battery_discharging,30m,30,lightgbm_residual_blend,0.8500000000000001,0.051,1.4838736212314225,1.3122925780467092
2026-04-18T04:45:33Z,2026-04-18T14:40:00+10:00,SA1,renewables_pct,5m,5,lightgbm_residual_blend,1.0,95.79656294128688,-0.2827187352101926,95.51384420607668
2026-04-18T04:45:33Z,2026-04-18T14:40:00+10:00,SA1,renewables_pct,15m,15,lightgbm_residual_blend,0.9500000000000001,95.79656294128688,-1.3620619589434544,94.5026040802906
2026-04-18T04:45:33Z,2026-04-18T14:40:00+10:00,SA1,renewables_pct,30m,30,lightgbm_residual_blend,0.9,95.79656294128688,-0.9424143417738027,94.94839003369046
2026-04-18T04:45:33Z,2026-04-18T14:40:00+10:00,TAS1,price,5m,5,lightgbm_residual_blend,1.0,92.09,-0.000826905143224105,92.08917309485678
2026-04-18T04:45:33Z,2026-04-18T14:40:00+10:00,TAS1,price,15m,15,lightgbm_residual_blend,1.0,92.09,-0.04263578600979313,92.0473642139902
2026-04-18T04:45:33Z,2026-04-18T14:40:00+10:00,TAS1,price,30m,30,lightgbm_residual_blend,1.0,92.09,-0.0519390379587132,92.03806096204129
2026-04-18T04:45:33Z,2026-04-18T14:40:00+10:00,TAS1,demand,5m,5,lightgbm_residual_blend,1.0,956.26,-1.67419294939424,954.5858070506057
2026-04-18T04:45:33Z,2026-04-18T14:40:00+10:00,TAS1,demand,15m,15,lightgbm_residual_blend,1.0,956.26,-6.54218290260715,949.7178170973929
2026-04-18T04:45:33Z,2026-04-18T14:40:00+10:00,TAS1,demand,30m,30,lightgbm_residual_blend,1.0,956.26,-7.636478784821587,948.6235212151784
2026-04-18T04:45:33Z,2026-04-18T14:40:00+10:00,TAS1,gen_wind,5m,5,lightgbm_residual_blend,0.5,135.4162,0.38606730217782836,135.6092336510889
2026-04-18T04:45:33Z,2026-04-18T14:40:00+10:00,TAS1,gen_wind,15m,15,lightgbm_residual_blend,0.8500000000000001,135.4162,5.64269998391838,140.21249498633063
2026-04-18T04:45:33Z,2026-04-18T14:40:00+10:00,TAS1,gen_wind,30m,30,lightgbm_residual_blend,0.8500000000000001,135.4162,10.188760679282264,144.07664657738994
2026-04-18T04:45:33Z,2026-04-18T14:40:00+10:00,TAS1,gen_coal_black,5m,5,lightgbm_residual_blend,0.0,0.0,0.0,0.0
2026-04-18T04:45:33Z,2026-04-18T14:40:00+10:00,TAS1,gen_coal_black,15m,15,lightgbm_residual_blend,0.0,0.0,0.0,0.0
2026-04-18T04:45:33Z,2026-04-18T14:40:00+10:00,TAS1,gen_coal_black,30m,30,lightgbm_residual_blend,0.0,0.0,0.0,0.0
2026-04-18T04:45:33Z,2026-04-18T14:40:00+10:00,TAS1,gen_coal_brown,5m,5,lightgbm_residual_blend,0.0,0.0,0.0,0.0
2026-04-18T04:45:33Z,2026-04-18T14:40:00+10:00,TAS1,gen_coal_brown,15m,15,lightgbm_residual_blend,0.0,0.0,0.0,0.0
2026-04-18T04:45:33Z,2026-04-18T14:40:00+10:00,TAS1,gen_coal_brown,30m,30,lightgbm_residual_blend,0.0,0.0,0.0,0.0
2026-04-18T04:45:33Z,2026-04-18T14:40:00+10:00,TAS1,gen_solar_utility,5m,5,lightgbm_residual_blend,0.0,0.0,0.0,0.0
2026-04-18T04:45:33Z,2026-04-18T14:40:00+10:00,TAS1,gen_solar_utility,15m,15,lightgbm_residual_blend,0.0,0.0,0.0,0.0
2026-04-18T04:45:33Z,2026-04-18T14:40:00+10:00,TAS1,gen_solar_utility,30m,30,lightgbm_residual_blend,0.0,0.0,0.0,0.0
2026-04-18T04:45:33Z,2026-04-18T14:40:00+10:00,TAS1,gen_solar_rooftop,5m,5,lightgbm_residual_blend,1.0,0.0,0.11474741568473507,0.11474741568473507
2026-04-18T04:45:33Z,2026-04-18T14:40:00+10:00,TAS1,gen_solar_rooftop,15m,15,lightgbm_residual_blend,1.0,0.0,-15.136968727650423,-15.136968727650423
2026-04-18T04:45:33Z,2026-04-18T14:40:00+10:00,TAS1,gen_solar_rooftop,30m,30,lightgbm_residual_blend,1.0,0.0,-10.05197593895235,-10.05197593895235
2026-04-18T04:45:33Z,2026-04-18T14:40:00+10:00,TAS1,gen_hydro,5m,5,lightgbm_residual_blend,0.9500000000000001,693.5276,5.661847406273202,698.9063550359596
2026-04-18T04:45:33Z,2026-04-18T14:40:00+10:00,TAS1,gen_hydro,15m,15,lightgbm_residual_blend,1.0,693.5276,2.5634383888951136,696.0910383888951
2026-04-18T04:45:33Z,2026-04-18T14:40:00+10:00,TAS1,gen_hydro,30m,30,lightgbm_residual_blend,1.0,693.5276,-7.2633504593775715,686.2642495406225
2026-04-18T04:45:33Z,2026-04-18T14:40:00+10:00,TAS1,gen_battery_discharging,5m,5,lightgbm_residual_blend,0.0,0.0,0.0,0.0
2026-04-18T04:45:33Z,2026-04-18T14:40:00+10:00,TAS1,gen_battery_discharging,15m,15,lightgbm_residual_blend,0.0,0.0,0.0,0.0
2026-04-18T04:45:33Z,2026-04-18T14:40:00+10:00,TAS1,gen_battery_discharging,30m,30,lightgbm_residual_blend,0.0,0.0,0.0,0.0
2026-04-18T04:45:33Z,2026-04-18T14:40:00+10:00,TAS1,renewables_pct,5m,5,lightgbm_residual_blend,0.15000000000000002,100.0,-0.0004901622812912142,99.9999264756578
2026-04-18T04:45:33Z,2026-04-18T14:40:00+10:00,TAS1,renewables_pct,15m,15,lightgbm_residual_blend,0.15000000000000002,100.0,-0.0005532932191861544,99.99991700601713
2026-04-18T04:45:33Z,2026-04-18T14:40:00+10:00,TAS1,renewables_pct,30m,30,lightgbm_residual_blend,0.1,100.0,0.0002664154038318548,100.00002664154039
2026-04-18T04:45:33Z,2026-04-18T14:40:00+10:00,VIC1,price,5m,5,lightgbm_residual_blend,1.0,-2.79,0.05841505705278526,-2.7315849429472148
2026-04-18T04:45:33Z,2026-04-18T14:40:00+10:00,VIC1,price,15m,15,lightgbm_residual_blend,1.0,-2.79,0.7842171033865208,-2.0057828966134794
2026-04-18T04:45:33Z,2026-04-18T14:40:00+10:00,VIC1,price,30m,30,lightgbm_residual_blend,1.0,-2.79,1.5114371309025774,-1.2785628690974227
2026-04-18T04:45:33Z,2026-04-18T14:40:00+10:00,VIC1,demand,5m,5,lightgbm_residual_blend,1.0,3207.93,-13.400604466950513,3194.5293955330494
2026-04-18T04:45:33Z,2026-04-18T14:40:00+10:00,VIC1,demand,15m,15,lightgbm_residual_blend,1.0,3207.93,3.932572965105092,3211.862572965105
2026-04-18T04:45:33Z,2026-04-18T14:40:00+10:00,VIC1,demand,30m,30,lightgbm_residual_blend,1.0,3207.93,13.92290134799347,3221.8529013479933
2026-04-18T04:45:33Z,2026-04-18T14:40:00+10:00,VIC1,gen_wind,5m,5,lightgbm_residual_blend,1.0,98.0604,11.491297793952228,109.55169779395223
2026-04-18T04:45:33Z,2026-04-18T14:40:00+10:00,VIC1,gen_wind,15m,15,lightgbm_residual_blend,1.0,98.0604,29.71180720944441,127.77220720944442
2026-04-18T04:45:33Z,2026-04-18T14:40:00+10:00,VIC1,gen_wind,30m,30,lightgbm_residual_blend,1.0,98.0604,27.50948790150065,125.56988790150065
2026-04-18T04:45:33Z,2026-04-18T14:40:00+10:00,VIC1,gen_coal_black,5m,5,lightgbm_residual_blend,0.0,0.0,0.0,0.0
2026-04-18T04:45:33Z,2026-04-18T14:40:00+10:00,VIC1,gen_coal_black,15m,15,lightgbm_residual_blend,0.0,0.0,0.0,0.0
2026-04-18T04:45:33Z,2026-04-18T14:40:00+10:00,VIC1,gen_coal_black,30m,30,lightgbm_residual_blend,0.0,0.0,0.0,0.0
2026-04-18T04:45:33Z,2026-04-18T14:40:00+10:00,VIC1,gen_coal_brown,5m,5,lightgbm_residual_blend,1.0,2686.2813,-7.078998961986426,2679.2023010380135
2026-04-18T04:45:33Z,2026-04-18T14:40:00+10:00,VIC1,gen_coal_brown,15m,15,lightgbm_residual_blend,1.0,2686.2813,-5.342619544031311,2680.938680455969
2026-04-18T04:45:33Z,2026-04-18T14:40:00+10:00,VIC1,gen_coal_brown,30m,30,lightgbm_residual_blend,1.0,2686.2813,17.041674436470785,2703.3229744364708
2026-04-18T04:45:33Z,2026-04-18T14:40:00+10:00,VIC1,gen_solar_utility,5m,5,lightgbm_residual_blend,0.9,1079.3687,1.637518644252997,1080.8424667798276
2026-04-18T04:45:33Z,2026-04-18T14:40:00+10:00,VIC1,gen_solar_utility,15m,15,lightgbm_residual_blend,0.8500000000000001,1079.3687,10.384310339901408,1088.1953637889162
2026-04-18T04:45:33Z,2026-04-18T14:40:00+10:00,VIC1,gen_solar_utility,30m,30,lightgbm_residual_blend,0.8500000000000001,1079.3687,28.51222571185091,1103.6040918550732
2026-04-18T04:45:33Z,2026-04-18T14:40:00+10:00,VIC1,gen_solar_rooftop,5m,5,lightgbm_residual_blend,1.0,0.0,77.56798377700275,77.56798377700275
2026-04-18T04:45:33Z,2026-04-18T14:40:00+10:00,VIC1,gen_solar_rooftop,15m,15,lightgbm_residual_blend,1.0,0.0,-186.7364857473375,-186.7364857473375
2026-04-18T04:45:33Z,2026-04-18T14:40:00+10:00,VIC1,gen_solar_rooftop,30m,30,lightgbm_residual_blend,1.0,0.0,-33.18964696164541,-33.18964696164541
2026-04-18T04:45:33Z,2026-04-18T14:40:00+10:00,VIC1,gen_hydro,5m,5,lightgbm_residual_blend,0.7000000000000001,0.32,-3.0078084992443124,-1.7854659494710188
2026-04-18T04:45:33Z,2026-04-18T14:40:00+10:00,VIC1,gen_hydro,15m,15,lightgbm_residual_blend,0.9500000000000001,0.32,-5.41791796737709,-4.827022069008235
2026-04-18T04:45:33Z,2026-04-18T14:40:00+10:00,VIC1,gen_hydro,30m,30,lightgbm_residual_blend,1.0,0.32,-12.533478336146542,-12.213478336146542
2026-04-18T04:45:33Z,2026-04-18T14:40:00+10:00,VIC1,gen_battery_discharging,5m,5,lightgbm_residual_blend,1.0,0.0,-0.3479721172534255,-0.3479721172534255
2026-04-18T04:45:33Z,2026-04-18T14:40:00+10:00,VIC1,gen_battery_discharging,15m,15,lightgbm_residual_blend,1.0,0.0,0.6003138485881322,0.6003138485881322
2026-04-18T04:45:33Z,2026-04-18T14:40:00+10:00,VIC1,gen_battery_discharging,30m,30,lightgbm_residual_blend,1.0,0.0,-0.585818424143415,-0.585818424143415
2026-04-18T04:45:33Z,2026-04-18T14:40:00+10:00,VIC1,renewables_pct,5m,5,lightgbm_residual_blend,1.0,57.33812131805873,0.5182147878339141,57.856336105892645
2026-04-18T04:45:33Z,2026-04-18T14:40:00+10:00,VIC1,renewables_pct,15m,15,lightgbm_residual_blend,1.0,57.33812131805873,-2.2123819311923887,55.12573938686634
2026-04-18T04:45:33Z,2026-04-18T14:40:00+10:00,VIC1,renewables_pct,30m,30,lightgbm_residual_blend,1.0,57.33812131805873,-1.881187431368254,55.45693388669048
2026-04-18T04:53:54Z,2026-04-18T14:45:00+10:00,NSW1,price,5m,5,lightgbm_residual_blend,1.0,-3.0,0.039244151427129725,-2.9607558485728704
2026-04-18T04:53:54Z,2026-04-18T14:45:00+10:00,NSW1,price,15m,15,lightgbm_residual_blend,1.0,-3.0,1.1528554135204376,-1.8471445864795624
2026-04-18T04:53:54Z,2026-04-18T14:45:00+10:00,NSW1,price,30m,30,lightgbm_residual_blend,0.9500000000000001,-3.0,2.384589597237562,-0.7346398826243159
2026-04-18T04:53:54Z,2026-04-18T14:45:00+10:00,NSW1,demand,5m,5,lightgbm_residual_blend,1.0,4718.21,-14.65445955707451,4703.555540442925
2026-04-18T04:53:54Z,2026-04-18T14:45:00+10:00,NSW1,demand,15m,15,lightgbm_residual_blend,1.0,4718.21,10.302441044943015,4728.512441044943
2026-04-18T04:53:54Z,2026-04-18T14:45:00+10:00,NSW1,demand,30m,30,lightgbm_residual_blend,1.0,4718.21,58.362483275061216,4776.572483275061
2026-04-18T04:53:54Z,2026-04-18T14:45:00+10:00,NSW1,gen_wind,5m,5,lightgbm_residual_blend,1.0,257.7452,0.5428087789979096,258.28800877899795
2026-04-18T04:53:54Z,2026-04-18T14:45:00+10:00,NSW1,gen_wind,15m,15,lightgbm_residual_blend,0.9,257.7452,9.056099156638131,265.8956892409743
2026-04-18T04:53:54Z,2026-04-18T14:45:00+10:00,NSW1,gen_wind,30m,30,lightgbm_residual_blend,0.8500000000000001,257.7452,20.058504722707255,274.7949290143012
2026-04-18T04:53:54Z,2026-04-18T14:45:00+10:00,NSW1,gen_coal_black,5m,5,lightgbm_residual_blend,1.0,2483.8705,9.700965209445108,2493.5714652094453
2026-04-18T04:53:54Z,2026-04-18T14:45:00+10:00,NSW1,gen_coal_black,15m,15,lightgbm_residual_blend,1.0,2483.8705,33.1985381597625,2517.0690381597624
2026-04-18T04:53:54Z,2026-04-18T14:45:00+10:00,NSW1,gen_coal_black,30m,30,lightgbm_residual_blend,1.0,2483.8705,74.85840601381484,2558.728906013815
2026-04-18T04:53:54Z,2026-04-18T14:45:00+10:00,NSW1,gen_coal_brown,5m,5,lightgbm_residual_blend,0.0,0.0,0.0,0.0
2026-04-18T04:53:54Z,2026-04-18T14:45:00+10:00,NSW1,gen_coal_brown,15m,15,lightgbm_residual_blend,0.0,0.0,0.0,0.0
2026-04-18T04:53:54Z,2026-04-18T14:45:00+10:00,NSW1,gen_coal_brown,30m,30,lightgbm_residual_blend,0.0,0.0,0.0,0.0
2026-04-18T04:53:54Z,2026-04-18T14:45:00+10:00,NSW1,gen_solar_utility,5m,5,lightgbm_residual_blend,1.0,2965.648,-1.5235971619998772,2964.124402838
2026-04-18T04:53:54Z,2026-04-18T14:45:00+10:00,NSW1,gen_solar_utility,15m,15,lightgbm_residual_blend,1.0,2965.648,-5.107550639700893,2960.540449360299
2026-04-18T04:53:54Z,2026-04-18T14:45:00+10:00,NSW1,gen_solar_utility,30m,30,lightgbm_residual_blend,1.0,2965.648,-9.67350186605152,2955.9744981339486
2026-04-18T04:53:54Z,2026-04-18T14:45:00+10:00,NSW1,gen_solar_rooftop,5m,5,lightgbm_residual_blend,1.0,0.0,-98.45274498131253,-98.45274498131253
2026-04-18T04:53:54Z,2026-04-18T14:45:00+10:00,NSW1,gen_solar_rooftop,15m,15,lightgbm_residual_blend,1.0,0.0,-522.5202780298835,-522.5202780298835
2026-04-18T04:53:54Z,2026-04-18T14:45:00+10:00,NSW1,gen_solar_rooftop,30m,30,lightgbm_residual_blend,1.0,0.0,-644.2175278616945,-644.2175278616945
2026-04-18T04:53:54Z,2026-04-18T14:45:00+10:00,NSW1,gen_hydro,5m,5,lightgbm_residual_blend,1.0,19.2679,-0.01755382716081392,19.250346172839187
2026-04-18T04:53:54Z,2026-04-18T14:45:00+10:00,NSW1,gen_hydro,15m,15,lightgbm_residual_blend,0.8,19.2679,-0.8834899892450978,18.561108008603924
2026-04-18T04:53:54Z,2026-04-18T14:45:00+10:00,NSW1,gen_hydro,30m,30,lightgbm_residual_blend,0.65,19.2679,-1.585488965428565,18.237332172471433
2026-04-18T04:53:54Z,2026-04-18T14:45:00+10:00,NSW1,gen_battery_discharging,5m,5,lightgbm_residual_blend,0.6000000000000001,0.0151,0.10130363616125015,0.0758821816967501
2026-04-18T04:53:54Z,2026-04-18T14:45:00+10:00,NSW1,gen_battery_discharging,15m,15,lightgbm_residual_blend,1.0,0.0151,1.4927245158536977,1.5078245158536976
2026-04-18T04:53:54Z,2026-04-18T14:45:00+10:00,NSW1,gen_battery_discharging,30m,30,lightgbm_residual_blend,1.0,0.0151,2.8971583998345225,2.9122583998345224
2026-04-18T04:53:54Z,2026-04-18T14:45:00+10:00,NSW1,renewables_pct,5m,5,lightgbm_residual_blend,1.0,75.47551686982051,-0.5921323629163164,74.88338450690419
2026-04-18T04:53:54Z,2026-04-18T14:45:00+10:00,NSW1,renewables_pct,15m,15,lightgbm_residual_blend,1.0,75.47551686982051,-2.237261237581044,73.23825563223947
2026-04-18T04:53:54Z,2026-04-18T14:45:00+10:00,NSW1,renewables_pct,30m,30,lightgbm_residual_blend,1.0,75.47551686982051,-3.7314193837346803,71.74409748608583
2026-04-18T04:53:54Z,2026-04-18T14:45:00+10:00,QLD1,price,5m,5,lightgbm_residual_blend,1.0,-3.01,0.0028962548798786803,-3.007103745120121
2026-04-18T04:53:54Z,2026-04-18T14:45:00+10:00,QLD1,price,15m,15,lightgbm_residual_blend,1.0,-3.01,1.5277119999352384,-1.4822880000647614
2026-04-18T04:53:54Z,2026-04-18T14:45:00+10:00,QLD1,price,30m,30,lightgbm_residual_blend,1.0,-3.01,3.5651232631955065,0.5551232631955068
2026-04-18T04:53:54Z,2026-04-18T14:45:00+10:00,QLD1,demand,5m,5,lightgbm_residual_blend,1.0,5295.58,-13.686434676631874,5281.893565323368
2026-04-18T04:53:54Z,2026-04-18T14:45:00+10:00,QLD1,demand,15m,15,lightgbm_residual_blend,1.0,5295.58,70.06667026505039,5365.6466702650505
2026-04-18T04:53:54Z,2026-04-18T14:45:00+10:00,QLD1,demand,30m,30,lightgbm_residual_blend,1.0,5295.58,189.4321201857829,5485.012120185783
2026-04-18T04:53:54Z,2026-04-18T14:45:00+10:00,QLD1,gen_wind,5m,5,lightgbm_residual_blend,1.0,251.2994,-0.9932616005662727,250.3061383994337
2026-04-18T04:53:54Z,2026-04-18T14:45:00+10:00,QLD1,gen_wind,15m,15,lightgbm_residual_blend,0.9500000000000001,251.2994,-2.8336641295999074,248.6074190768801
2026-04-18T04:53:54Z,2026-04-18T14:45:00+10:00,QLD1,gen_wind,30m,30,lightgbm_residual_blend,0.9,251.2994,-5.1616579971508445,246.65390780256422
2026-04-18T04:53:54Z,2026-04-18T14:45:00+10:00,QLD1,gen_coal_black,5m,5,lightgbm_residual_blend,0.9,3650.1325,-4.358182471192439,3646.210135775927
2026-04-18T04:53:54Z,2026-04-18T14:45:00+10:00,QLD1,gen_coal_black,15m,15,lightgbm_residual_blend,0.9500000000000001,3650.1325,31.26532201302567,3679.8345559123745
2026-04-18T04:53:54Z,2026-04-18T14:45:00+10:00,QLD1,gen_coal_black,30m,30,lightgbm_residual_blend,0.9500000000000001,3650.1325,103.32899958968046,3748.2950496101967
2026-04-18T04:53:54Z,2026-04-18T14:45:00+10:00,QLD1,gen_coal_brown,5m,5,lightgbm_residual_blend,0.0,0.0,0.0,0.0
2026-04-18T04:53:54Z,2026-04-18T14:45:00+10:00,QLD1,gen_coal_brown,15m,15,lightgbm_residual_blend,0.0,0.0,0.0,0.0
2026-04-18T04:53:54Z,2026-04-18T14:45:00+10:00,QLD1,gen_coal_brown,30m,30,lightgbm_residual_blend,0.0,0.0,0.0,0.0
2026-04-18T04:53:54Z,2026-04-18T14:45:00+10:00,QLD1,gen_solar_utility,5m,5,lightgbm_residual_blend,1.0,2001.8908,-0.23903769236600025,2001.6517623076338
2026-04-18T04:53:54Z,2026-04-18T14:45:00+10:00,QLD1,gen_solar_utility,15m,15,lightgbm_residual_blend,1.0,2001.8908,-33.839313190073916,1968.051486809926
2026-04-18T04:53:54Z,2026-04-18T14:45:00+10:00,QLD1,gen_solar_utility,30m,30,lightgbm_residual_blend,1.0,2001.8908,-52.86291231053897,1949.0278876894608
2026-04-18T04:53:54Z,2026-04-18T14:45:00+10:00,QLD1,gen_solar_rooftop,5m,5,lightgbm_residual_blend,1.0,0.0,-172.66912860130657,-172.66912860130657
2026-04-18T04:53:54Z,2026-04-18T14:45:00+10:00,QLD1,gen_solar_rooftop,15m,15,lightgbm_residual_blend,1.0,0.0,-559.5680465847495,-559.5680465847495
2026-04-18T04:53:54Z,2026-04-18T14:45:00+10:00,QLD1,gen_solar_rooftop,30m,30,lightgbm_residual_blend,1.0,0.0,-553.8956951927355,-553.8956951927355
2026-04-18T04:53:54Z,2026-04-18T14:45:00+10:00,QLD1,gen_hydro,5m,5,lightgbm_residual_blend,0.8500000000000001,56.965,0.9375420243128605,57.76191072066594
2026-04-18T04:53:54Z,2026-04-18T14:45:00+10:00,QLD1,gen_hydro,15m,15,lightgbm_residual_blend,0.8,56.965,1.2835147343721853,57.99181178749775
2026-04-18T04:53:54Z,2026-04-18T14:45:00+10:00,QLD1,gen_hydro,30m,30,lightgbm_residual_blend,0.8,56.965,-0.07897544664805611,56.90181964268156
2026-04-18T04:53:54Z,2026-04-18T14:45:00+10:00,QLD1,gen_battery_discharging,5m,5,lightgbm_residual_blend,0.9500000000000001,3.2023,-0.6083679931148473,2.624350406540895
2026-04-18T04:53:54Z,2026-04-18T14:45:00+10:00,QLD1,gen_battery_discharging,15m,15,lightgbm_residual_blend,1.0,3.2023,3.371247011263182,6.573547011263182
2026-04-18T04:53:54Z,2026-04-18T14:45:00+10:00,QLD1,gen_battery_discharging,30m,30,lightgbm_residual_blend,1.0,3.2023,4.769273598896861,7.971573598896861
2026-04-18T04:53:54Z,2026-04-18T14:45:00+10:00,QLD1,renewables_pct,5m,5,lightgbm_residual_blend,1.0,61.48445458262536,-0.7818951767714069,60.702559405853954
2026-04-18T04:53:54Z,2026-04-18T14:45:00+10:00,QLD1,renewables_pct,15m,15,lightgbm_residual_blend,1.0,61.48445458262536,-3.045101286186681,58.43935329643868
2026-04-18T04:53:54Z,2026-04-18T14:45:00+10:00,QLD1,renewables_pct,30m,30,lightgbm_residual_blend,1.0,61.48445458262536,-3.704292150476371,57.78016243214899
2026-04-18T04:53:54Z,2026-04-18T14:45:00+10:00,SA1,price,5m,5,lightgbm_residual_blend,1.0,0.0,-0.1747005798873048,-0.1747005798873048
2026-04-18T04:53:54Z,2026-04-18T14:45:00+10:00,SA1,price,15m,15,lightgbm_residual_blend,1.0,0.0,0.2121394447631806,0.2121394447631806
2026-04-18T04:53:54Z,2026-04-18T14:45:00+10:00,SA1,price,30m,30,lightgbm_residual_blend,1.0,0.0,-0.057052583502956694,-0.057052583502956694
2026-04-18T04:53:54Z,2026-04-18T14:45:00+10:00,SA1,demand,5m,5,lightgbm_residual_blend,1.0,237.87,-2.8920013054220326,234.97799869457796
2026-04-18T04:53:54Z,2026-04-18T14:45:00+10:00,SA1,demand,15m,15,lightgbm_residual_blend,1.0,237.87,-0.3577294481329781,237.51227055186703
2026-04-18T04:53:54Z,2026-04-18T14:45:00+10:00,SA1,demand,30m,30,lightgbm_residual_blend,1.0,237.87,1.0298612764809292,238.89986127648092
2026-04-18T04:53:54Z,2026-04-18T14:45:00+10:00,SA1,gen_wind,5m,5,lightgbm_residual_blend,1.0,66.7412,15.851713555775689,82.5929135557757
2026-04-18T04:53:54Z,2026-04-18T14:45:00+10:00,SA1,gen_wind,15m,15,lightgbm_residual_blend,1.0,66.7412,10.00558718349333,76.74678718349334
2026-04-18T04:53:54Z,2026-04-18T14:45:00+10:00,SA1,gen_wind,30m,30,lightgbm_residual_blend,1.0,66.7412,3.7738693675473245,70.51506936754733
2026-04-18T04:53:54Z,2026-04-18T14:45:00+10:00,SA1,gen_coal_black,5m,5,lightgbm_residual_blend,0.0,0.0,0.0,0.0
2026-04-18T04:53:54Z,2026-04-18T14:45:00+10:00,SA1,gen_coal_black,15m,15,lightgbm_residual_blend,0.0,0.0,0.0,0.0
2026-04-18T04:53:54Z,2026-04-18T14:45:00+10:00,SA1,gen_coal_black,30m,30,lightgbm_residual_blend,0.0,0.0,0.0,0.0
2026-04-18T04:53:54Z,2026-04-18T14:45:00+10:00,SA1,gen_coal_brown,5m,5,lightgbm_residual_blend,0.0,0.0,0.0,0.0
2026-04-18T04:53:54Z,2026-04-18T14:45:00+10:00,SA1,gen_coal_brown,15m,15,lightgbm_residual_blend,0.0,0.0,0.0,0.0
2026-04-18T04:53:54Z,2026-04-18T14:45:00+10:00,SA1,gen_coal_brown,30m,30,lightgbm_residual_blend,0.0,0.0,0.0,0.0
2026-04-18T04:53:54Z,2026-04-18T14:45:00+10:00,SA1,gen_solar_utility,5m,5,lightgbm_residual_blend,0.65,284.9058,5.817522644012784,288.6871897186083
2026-04-18T04:53:54Z,2026-04-18T14:45:00+10:00,SA1,gen_solar_utility,15m,15,lightgbm_residual_blend,0.75,284.9058,-10.776390573788747,276.82350706965843
2026-04-18T04:53:54Z,2026-04-18T14:45:00+10:00,SA1,gen_solar_utility,30m,30,lightgbm_residual_blend,0.7000000000000001,284.9058,-15.553727218510494,274.0181909470426
2026-04-18T04:53:54Z,2026-04-18T14:45:00+10:00,SA1,gen_solar_rooftop,5m,5,lightgbm_residual_blend,1.0,0.0,-34.99393254554151,-34.99393254554151
2026-04-18T04:53:54Z,2026-04-18T14:45:00+10:00,SA1,gen_solar_rooftop,15m,15,lightgbm_residual_blend,1.0,0.0,-106.02951076083201,-106.02951076083201
2026-04-18T04:53:54Z,2026-04-18T14:45:00+10:00,SA1,gen_solar_rooftop,30m,30,lightgbm_residual_blend,1.0,0.0,-135.40897682219392,-135.40897682219392
2026-04-18T04:53:54Z,2026-04-18T14:45:00+10:00,SA1,gen_hydro,5m,5,lightgbm_residual_blend,0.0,0.0,0.0,0.0
2026-04-18T04:53:54Z,2026-04-18T14:45:00+10:00,SA1,gen_hydro,15m,15,lightgbm_residual_blend,0.0,0.0,0.0,0.0
2026-04-18T04:53:54Z,2026-04-18T14:45:00+10:00,SA1,gen_hydro,30m,30,lightgbm_residual_blend,0.0,0.0,0.0,0.0
2026-04-18T04:53:54Z,2026-04-18T14:45:00+10:00,SA1,gen_battery_discharging,5m,5,lightgbm_residual_blend,1.0,0.029,-1.8190602576816746,-1.7900602576816746
2026-04-18T04:53:54Z,2026-04-18T14:45:00+10:00,SA1,gen_battery_discharging,15m,15,lightgbm_residual_blend,0.9500000000000001,0.029,-0.8373974747945641,-0.7665276010548359
2026-04-18T04:53:54Z,2026-04-18T14:45:00+10:00,SA1,gen_battery_discharging,30m,30,lightgbm_residual_blend,0.8500000000000001,0.029,1.8616054017820893,1.611364591514776
2026-04-18T04:53:54Z,2026-04-18T14:45:00+10:00,SA1,renewables_pct,5m,5,lightgbm_residual_blend,1.0,95.79639029824929,-0.12531680454780098,95.67107349370148
2026-04-18T04:53:54Z,2026-04-18T14:45:00+10:00,SA1,renewables_pct,15m,15,lightgbm_residual_blend,0.9500000000000001,95.79639029824929,-1.1539362007531004,94.70015090753385
2026-04-18T04:53:54Z,2026-04-18T14:45:00+10:00,SA1,renewables_pct,30m,30,lightgbm_residual_blend,0.9,95.79639029824929,-0.7496564054840176,95.12169953331367
2026-04-18T04:53:54Z,2026-04-18T14:45:00+10:00,TAS1,price,5m,5,lightgbm_residual_blend,1.0,92.08,-0.0007111729993659694,92.07928882700064
2026-04-18T04:53:54Z,2026-04-18T14:45:00+10:00,TAS1,price,15m,15,lightgbm_residual_blend,1.0,92.08,-0.003284330340296743,92.0767156696597
2026-04-18T04:53:54Z,2026-04-18T14:45:00+10:00,TAS1,price,30m,30,lightgbm_residual_blend,1.0,92.08,-0.19510044594744405,91.88489955405255
2026-04-18T04:53:54Z,2026-04-18T14:45:00+10:00,TAS1,demand,5m,5,lightgbm_residual_blend,1.0,956.64,-2.9286346544016126,953.7113653455983
2026-04-18T04:53:54Z,2026-04-18T14:45:00+10:00,TAS1,demand,15m,15,lightgbm_residual_blend,1.0,956.64,-9.02221177261068,947.6177882273893
2026-04-18T04:53:54Z,2026-04-18T14:45:00+10:00,TAS1,demand,30m,30,lightgbm_residual_blend,1.0,956.64,-11.54912899750796,945.090871002492
2026-04-18T04:53:54Z,2026-04-18T14:45:00+10:00,TAS1,gen_wind,5m,5,lightgbm_residual_blend,0.5,128.3399,0.3335743796415968,128.5066871898208
2026-04-18T04:53:54Z,2026-04-18T14:45:00+10:00,TAS1,gen_wind,15m,15,lightgbm_residual_blend,0.8500000000000001,128.3399,3.9075735602058996,131.661337526175
2026-04-18T04:53:54Z,2026-04-18T14:45:00+10:00,TAS1,gen_wind,30m,30,lightgbm_residual_blend,0.8500000000000001,128.3399,7.172142004973576,134.43622070422754
2026-04-18T04:53:54Z,2026-04-18T14:45:00+10:00,TAS1,gen_coal_black,5m,5,lightgbm_residual_blend,0.0,0.0,0.0,0.0
2026-04-18T04:53:54Z,2026-04-18T14:45:00+10:00,TAS1,gen_coal_black,15m,15,lightgbm_residual_blend,0.0,0.0,0.0,0.0
2026-04-18T04:53:54Z,2026-04-18T14:45:00+10:00,TAS1,gen_coal_black,30m,30,lightgbm_residual_blend,0.0,0.0,0.0,0.0
2026-04-18T04:53:54Z,2026-04-18T14:45:00+10:00,TAS1,gen_coal_brown,5m,5,lightgbm_residual_blend,0.0,0.0,0.0,0.0
2026-04-18T04:53:54Z,2026-04-18T14:45:00+10:00,TAS1,gen_coal_brown,15m,15,lightgbm_residual_blend,0.0,0.0,0.0,0.0
2026-04-18T04:53:54Z,2026-04-18T14:45:00+10:00,TAS1,gen_coal_brown,30m,30,lightgbm_residual_blend,0.0,0.0,0.0,0.0
2026-04-18T04:53:54Z,2026-04-18T14:45:00+10:00,TAS1,gen_solar_utility,5m,5,lightgbm_residual_blend,0.0,0.0,0.0,0.0
2026-04-18T04:53:54Z,2026-04-18T14:45:00+10:00,TAS1,gen_solar_utility,15m,15,lightgbm_residual_blend,0.0,0.0,0.0,0.0
2026-04-18T04:53:54Z,2026-04-18T14:45:00+10:00,TAS1,gen_solar_utility,30m,30,lightgbm_residual_blend,0.0,0.0,0.0,0.0
2026-04-18T04:53:54Z,2026-04-18T14:45:00+10:00,TAS1,gen_solar_rooftop,5m,5,lightgbm_residual_blend,1.0,0.0,-4.66774704874614,-4.66774704874614
2026-04-18T04:53:54Z,2026-04-18T14:45:00+10:00,TAS1,gen_solar_rooftop,15m,15,lightgbm_residual_blend,1.0,0.0,-16.20577699129567,-16.20577699129567
2026-04-18T04:53:54Z,2026-04-18T14:45:00+10:00,TAS1,gen_solar_rooftop,30m,30,lightgbm_residual_blend,1.0,0.0,-2.473745559277005,-2.473745559277005
2026-04-18T04:53:54Z,2026-04-18T14:45:00+10:00,TAS1,gen_hydro,5m,5,lightgbm_residual_blend,0.9500000000000001,693.8131,-3.1859521202599534,690.786445485753
2026-04-18T04:53:54Z,2026-04-18T14:45:00+10:00,TAS1,gen_hydro,15m,15,lightgbm_residual_blend,1.0,693.8131,-2.005904761808509,691.8071952381914
2026-04-18T04:53:54Z,2026-04-18T14:45:00+10:00,TAS1,gen_hydro,30m,30,lightgbm_residual_blend,1.0,693.8131,-12.193415560962459,681.6196844390375
2026-04-18T04:53:54Z,2026-04-18T14:45:00+10:00,TAS1,gen_battery_discharging,5m,5,lightgbm_residual_blend,0.0,0.0,0.0,0.0
2026-04-18T04:53:54Z,2026-04-18T14:45:00+10:00,TAS1,gen_battery_discharging,15m,15,lightgbm_residual_blend,0.0,0.0,0.0,0.0
2026-04-18T04:53:54Z,2026-04-18T14:45:00+10:00,TAS1,gen_battery_discharging,30m,30,lightgbm_residual_blend,0.0,0.0,0.0,0.0
2026-04-18T04:53:54Z,2026-04-18T14:45:00+10:00,TAS1,renewables_pct,5m,5,lightgbm_residual_blend,0.15000000000000002,100.0,-0.0004901622812912142,99.9999264756578
2026-04-18T04:53:54Z,2026-04-18T14:45:00+10:00,TAS1,renewables_pct,15m,15,lightgbm_residual_blend,0.15000000000000002,100.0,-0.0005532932191861544,99.99991700601713
2026-04-18T04:53:54Z,2026-04-18T14:45:00+10:00,TAS1,renewables_pct,30m,30,lightgbm_residual_blend,0.1,100.0,0.0002664154038318548,100.00002664154039
2026-04-18T04:53:54Z,2026-04-18T14:45:00+10:00,VIC1,price,5m,5,lightgbm_residual_blend,1.0,-2.8,0.0738276869101151,-2.7261723130898847
2026-04-18T04:53:54Z,2026-04-18T14:45:00+10:00,VIC1,price,15m,15,lightgbm_residual_blend,1.0,-2.8,0.8170376296989814,-1.9829623703010184
2026-04-18T04:53:54Z,2026-04-18T14:45:00+10:00,VIC1,price,30m,30,lightgbm_residual_blend,1.0,-2.8,1.0720490408136636,-1.7279509591863362
2026-04-18T04:53:54Z,2026-04-18T14:45:00+10:00,VIC1,demand,5m,5,lightgbm_residual_blend,1.0,3187.42,-23.711335400307558,3163.7086645996924
2026-04-18T04:53:54Z,2026-04-18T14:45:00+10:00,VIC1,demand,15m,15,lightgbm_residual_blend,1.0,3187.42,-24.309038251794867,3163.110961748205
2026-04-18T04:53:54Z,2026-04-18T14:45:00+10:00,VIC1,demand,30m,30,lightgbm_residual_blend,1.0,3187.42,-19.63670444502487,3167.783295554975
2026-04-18T04:53:54Z,2026-04-18T14:45:00+10:00,VIC1,gen_wind,5m,5,lightgbm_residual_blend,1.0,99.5729,2.8703701651482625,102.44327016514826
2026-04-18T04:53:54Z,2026-04-18T14:45:00+10:00,VIC1,gen_wind,15m,15,lightgbm_residual_blend,1.0,99.5729,12.198599781391579,111.77149978139158
2026-04-18T04:53:54Z,2026-04-18T14:45:00+10:00,VIC1,gen_wind,30m,30,lightgbm_residual_blend,1.0,99.5729,19.140686691302125,118.71358669130213
2026-04-18T04:53:54Z,2026-04-18T14:45:00+10:00,VIC1,gen_coal_black,5m,5,lightgbm_residual_blend,0.0,0.0,0.0,0.0
2026-04-18T04:53:54Z,2026-04-18T14:45:00+10:00,VIC1,gen_coal_black,15m,15,lightgbm_residual_blend,0.0,0.0,0.0,0.0
2026-04-18T04:53:54Z,2026-04-18T14:45:00+10:00,VIC1,gen_coal_black,30m,30,lightgbm_residual_blend,0.0,0.0,0.0,0.0
2026-04-18T04:53:54Z,2026-04-18T14:45:00+10:00,VIC1,gen_coal_brown,5m,5,lightgbm_residual_blend,1.0,2681.9375,-6.333346645118219,2675.604153354882
2026-04-18T04:53:54Z,2026-04-18T14:45:00+10:00,VIC1,gen_coal_brown,15m,15,lightgbm_residual_blend,1.0,2681.9375,-4.420270185328012,2677.517229814672
2026-04-18T04:53:54Z,2026-04-18T14:45:00+10:00,VIC1,gen_coal_brown,30m,30,lightgbm_residual_blend,1.0,2681.9375,2.123110690805009,2684.060610690805
2026-04-18T04:53:54Z,2026-04-18T14:45:00+10:00,VIC1,gen_solar_utility,5m,5,lightgbm_residual_blend,0.9,1082.2268,-0.9239966738066641,1081.395202993574
2026-04-18T04:53:54Z,2026-04-18T14:45:00+10:00,VIC1,gen_solar_utility,15m,15,lightgbm_residual_blend,0.8500000000000001,1082.2268,6.401138344117508,1087.6677675924998
2026-04-18T04:53:54Z,2026-04-18T14:45:00+10:00,VIC1,gen_solar_utility,30m,30,lightgbm_residual_blend,0.8500000000000001,1082.2268,18.442906377273548,1097.9032704206825
2026-04-18T04:53:54Z,2026-04-18T14:45:00+10:00,VIC1,gen_solar_rooftop,5m,5,lightgbm_residual_blend,1.0,0.0,4.629335058920675,4.629335058920675
2026-04-18T04:53:54Z,2026-04-18T14:45:00+10:00,VIC1,gen_solar_rooftop,15m,15,lightgbm_residual_blend,1.0,0.0,-117.51214732412784,-117.51214732412784
2026-04-18T04:53:54Z,2026-04-18T14:45:00+10:00,VIC1,gen_solar_rooftop,30m,30,lightgbm_residual_blend,1.0,0.0,-47.57434785440885,-47.57434785440885
2026-04-18T04:53:54Z,2026-04-18T14:45:00+10:00,VIC1,gen_hydro,5m,5,lightgbm_residual_blend,0.7000000000000001,0.32,-3.504343019325967,-2.1330401135281774
2026-04-18T04:53:54Z,2026-04-18T14:45:00+10:00,VIC1,gen_hydro,15m,15,lightgbm_residual_blend,0.9500000000000001,0.32,-5.5692860374417235,-4.970821735569637
2026-04-18T04:53:54Z,2026-04-18T14:45:00+10:00,VIC1,gen_hydro,30m,30,lightgbm_residual_blend,1.0,0.32,-14.334408477356195,-14.014408477356195
2026-04-18T04:53:54Z,2026-04-18T14:45:00+10:00,VIC1,gen_battery_discharging,5m,5,lightgbm_residual_blend,1.0,0.0,-0.32856142509263714,-0.32856142509263714
2026-04-18T04:53:54Z,2026-04-18T14:45:00+10:00,VIC1,gen_battery_discharging,15m,15,lightgbm_residual_blend,1.0,0.0,-1.0780729817814467,-1.0780729817814467
2026-04-18T04:53:54Z,2026-04-18T14:45:00+10:00,VIC1,gen_battery_discharging,30m,30,lightgbm_residual_blend,1.0,0.0,-1.410772744344704,-1.410772744344704
2026-04-18T04:53:54Z,2026-04-18T14:45:00+10:00,VIC1,renewables_pct,5m,5,lightgbm_residual_blend,1.0,57.407288179856344,-0.37088213734560294,57.03640604251074
2026-04-18T04:53:54Z,2026-04-18T14:45:00+10:00,VIC1,renewables_pct,15m,15,lightgbm_residual_blend,1.0,57.407288179856344,-2.1103375777303333,55.29695060212601
2026-04-18T04:53:54Z,2026-04-18T14:45:00+10:00,VIC1,renewables_pct,30m,30,lightgbm_residual_blend,1.0,57.407288179856344,-1.9207992653772297,55.48648891447912
2026-04-18T05:03:33Z,2026-04-18T14:55:00+10:00,NSW1,price,5m,5,lightgbm_residual_blend,1.0,-3.0,0.442552111025253,-2.557447888974747
2026-04-18T05:03:33Z,2026-04-18T14:55:00+10:00,NSW1,price,15m,15,lightgbm_residual_blend,1.0,-3.0,1.304387728291287,-1.695612271708713
2026-04-18T05:03:33Z,2026-04-18T14:55:00+10:00,NSW1,price,30m,30,lightgbm_residual_blend,0.9500000000000001,-3.0,2.844662140429855,-0.29757096659163773
2026-04-18T05:03:33Z,2026-04-18T14:55:00+10:00,NSW1,demand,5m,5,lightgbm_residual_blend,1.0,4955.27,11.126259367977022,4966.396259367977
2026-04-18T05:03:33Z,2026-04-18T14:55:00+10:00,NSW1,demand,15m,15,lightgbm_residual_blend,1.0,4955.27,85.86468512871983,5041.13468512872
2026-04-18T05:03:33Z,2026-04-18T14:55:00+10:00,NSW1,demand,30m,30,lightgbm_residual_blend,1.0,4955.27,238.26942385937207,5193.539423859373
2026-04-18T05:03:33Z,2026-04-18T14:55:00+10:00,NSW1,gen_wind,5m,5,lightgbm_residual_blend,1.0,239.6526,-2.2165578217427155,237.43604217825728
2026-04-18T05:03:33Z,2026-04-18T14:55:00+10:00,NSW1,gen_wind,15m,15,lightgbm_residual_blend,0.9,239.6526,1.3773591465474138,240.89222323189267
2026-04-18T05:03:33Z,2026-04-18T14:55:00+10:00,NSW1,gen_wind,30m,30,lightgbm_residual_blend,0.8500000000000001,239.6526,2.280390170886159,241.59093164525325
2026-04-18T05:03:33Z,2026-04-18T14:55:00+10:00,NSW1,gen_coal_black,5m,5,lightgbm_residual_blend,1.0,2569.6141,18.222433173624385,2587.836533173624
2026-04-18T05:03:33Z,2026-04-18T14:55:00+10:00,NSW1,gen_coal_black,15m,15,lightgbm_residual_blend,1.0,2569.6141,88.5267282422473,2658.140828242247
2026-04-18T05:03:33Z,2026-04-18T14:55:00+10:00,NSW1,gen_coal_black,30m,30,lightgbm_residual_blend,1.0,2569.6141,218.8619263729534,2788.476026372953
2026-04-18T05:03:33Z,2026-04-18T14:55:00+10:00,NSW1,gen_coal_brown,5m,5,lightgbm_residual_blend,0.0,0.0,0.0,0.0
2026-04-18T05:03:33Z,2026-04-18T14:55:00+10:00,NSW1,gen_coal_brown,15m,15,lightgbm_residual_blend,0.0,0.0,0.0,0.0
2026-04-18T05:03:33Z,2026-04-18T14:55:00+10:00,NSW1,gen_coal_brown,30m,30,lightgbm_residual_blend,0.0,0.0,0.0,0.0
2026-04-18T05:03:33Z,2026-04-18T14:55:00+10:00,NSW1,gen_solar_utility,5m,5,lightgbm_residual_blend,1.0,3010.6726,-4.398250894647881,3006.274349105352
2026-04-18T05:03:33Z,2026-04-18T14:55:00+10:00,NSW1,gen_solar_utility,15m,15,lightgbm_residual_blend,1.0,3010.6726,2.3207888740694065,3012.9933888740693
2026-04-18T05:03:33Z,2026-04-18T14:55:00+10:00,NSW1,gen_solar_utility,30m,30,lightgbm_residual_blend,1.0,3010.6726,-25.16377412171278,2985.508825878287
2026-04-18T05:03:33Z,2026-04-18T14:55:00+10:00,NSW1,gen_solar_rooftop,5m,5,lightgbm_residual_blend,1.0,0.0,388.99888799332507,388.99888799332507
2026-04-18T05:03:33Z,2026-04-18T14:55:00+10:00,NSW1,gen_solar_rooftop,15m,15,lightgbm_residual_blend,1.0,0.0,658.7248544855672,658.7248544855672
2026-04-18T05:03:33Z,2026-04-18T14:55:00+10:00,NSW1,gen_solar_rooftop,30m,30,lightgbm_residual_blend,1.0,0.0,738.7416380912383,738.7416380912383
2026-04-18T05:03:33Z,2026-04-18T14:55:00+10:00,NSW1,gen_hydro,5m,5,lightgbm_residual_blend,1.0,19.0925,0.13194595672243986,19.22444595672244
2026-04-18T05:03:33Z,2026-04-18T14:55:00+10:00,NSW1,gen_hydro,15m,15,lightgbm_residual_blend,0.8,19.0925,0.48613505801326945,19.481408046410618
2026-04-18T05:03:33Z,2026-04-18T14:55:00+10:00,NSW1,gen_hydro,30m,30,lightgbm_residual_blend,0.65,19.0925,4.19762674970402,21.820957387307615
2026-04-18T05:03:33Z,2026-04-18T14:55:00+10:00,NSW1,gen_battery_discharging,5m,5,lightgbm_residual_blend,0.6000000000000001,2.2455,0.10130363616125015,2.30628218169675
2026-04-18T05:03:33Z,2026-04-18T14:55:00+10:00,NSW1,gen_battery_discharging,15m,15,lightgbm_residual_blend,1.0,2.2455,2.248676840139327,4.4941768401393265
2026-04-18T05:03:33Z,2026-04-18T14:55:00+10:00,NSW1,gen_battery_discharging,30m,30,lightgbm_residual_blend,1.0,2.2455,13.610294049504462,15.855794049504462
2026-04-18T05:03:33Z,2026-04-18T14:55:00+10:00,NSW1,renewables_pct,5m,5,lightgbm_residual_blend,1.0,55.75047356130335,2.1325135321117474,57.882987093415096
2026-04-18T05:03:33Z,2026-04-18T14:55:00+10:00,NSW1,renewables_pct,15m,15,lightgbm_residual_blend,1.0,55.75047356130335,3.5117170104016266,59.26219057170498
2026-04-18T05:03:33Z,2026-04-18T14:55:00+10:00,NSW1,renewables_pct,30m,30,lightgbm_residual_blend,1.0,55.75047356130335,0.23071507978783018,55.98118864109118
2026-04-18T05:03:33Z,2026-04-18T14:55:00+10:00,QLD1,price,5m,5,lightgbm_residual_blend,1.0,-3.0,0.12800456327118234,-2.8719954367288176
2026-04-18T05:03:33Z,2026-04-18T14:55:00+10:00,QLD1,price,15m,15,lightgbm_residual_blend,1.0,-3.0,1.6674844555457577,-1.3325155444542423
2026-04-18T05:03:33Z,2026-04-18T14:55:00+10:00,QLD1,price,30m,30,lightgbm_residual_blend,1.0,-3.0,4.156746154789458,1.1567461547894577
2026-04-18T05:03:33Z,2026-04-18T14:55:00+10:00,QLD1,demand,5m,5,lightgbm_residual_blend,1.0,5459.26,-12.473120379614869,5446.786879620386
2026-04-18T05:03:33Z,2026-04-18T14:55:00+10:00,QLD1,demand,15m,15,lightgbm_residual_blend,1.0,5459.26,58.26260343368821,5517.522603433688
2026-04-18T05:03:33Z,2026-04-18T14:55:00+10:00,QLD1,demand,30m,30,lightgbm_residual_blend,1.0,5459.26,141.69241526852034,5600.952415268521
2026-04-18T05:03:33Z,2026-04-18T14:55:00+10:00,QLD1,gen_wind,5m,5,lightgbm_residual_blend,1.0,205.524,-0.552985123498477,204.97101487650153
2026-04-18T05:03:33Z,2026-04-18T14:55:00+10:00,QLD1,gen_wind,15m,15,lightgbm_residual_blend,0.9500000000000001,205.524,-2.3914486572287776,203.25212377563267
2026-04-18T05:03:33Z,2026-04-18T14:55:00+10:00,QLD1,gen_wind,30m,30,lightgbm_residual_blend,0.9,205.524,-6.038527970756933,200.08932482631877
2026-04-18T05:03:33Z,2026-04-18T14:55:00+10:00,QLD1,gen_coal_black,5m,5,lightgbm_residual_blend,0.9,3658.381,0.11430979429606697,3658.4838788148663
2026-04-18T05:03:33Z,2026-04-18T14:55:00+10:00,QLD1,gen_coal_black,15m,15,lightgbm_residual_blend,0.9500000000000001,3658.381,37.46067716266436,3693.968643304531
2026-04-18T05:03:33Z,2026-04-18T14:55:00+10:00,QLD1,gen_coal_black,30m,30,lightgbm_residual_blend,0.9500000000000001,3658.381,87.8207191476105,3741.8106831902296
2026-04-18T05:03:33Z,2026-04-18T14:55:00+10:00,QLD1,gen_coal_brown,5m,5,lightgbm_residual_blend,0.0,0.0,0.0,0.0
2026-04-18T05:03:33Z,2026-04-18T14:55:00+10:00,QLD1,gen_coal_brown,15m,15,lightgbm_residual_blend,0.0,0.0,0.0,0.0
2026-04-18T05:03:33Z,2026-04-18T14:55:00+10:00,QLD1,gen_coal_brown,30m,30,lightgbm_residual_blend,0.0,0.0,0.0,0.0
2026-04-18T05:03:33Z,2026-04-18T14:55:00+10:00,QLD1,gen_solar_utility,5m,5,lightgbm_residual_blend,1.0,2267.0194,-7.9051320709982456,2259.114267929002
2026-04-18T05:03:33Z,2026-04-18T14:55:00+10:00,QLD1,gen_solar_utility,15m,15,lightgbm_residual_blend,1.0,2267.0194,-15.257187896494893,2251.762212103505
2026-04-18T05:03:33Z,2026-04-18T14:55:00+10:00,QLD1,gen_solar_utility,30m,30,lightgbm_residual_blend,1.0,2267.0194,-53.70069373367536,2213.3187062663246
2026-04-18T05:03:33Z,2026-04-18T14:55:00+10:00,QLD1,gen_solar_rooftop,5m,5,lightgbm_residual_blend,1.0,0.0,540.1113605816188,540.1113605816188
2026-04-18T05:03:33Z,2026-04-18T14:55:00+10:00,QLD1,gen_solar_rooftop,15m,15,lightgbm_residual_blend,1.0,0.0,1269.6724782427018,1269.6724782427018
2026-04-18T05:03:33Z,2026-04-18T14:55:00+10:00,QLD1,gen_solar_rooftop,30m,30,lightgbm_residual_blend,1.0,0.0,1440.9999161686167,1440.9999161686167
2026-04-18T05:03:33Z,2026-04-18T14:55:00+10:00,QLD1,gen_hydro,5m,5,lightgbm_residual_blend,0.8500000000000001,70.835,-0.13853158724572512,70.71724815084113
2026-04-18T05:03:33Z,2026-04-18T14:55:00+10:00,QLD1,gen_hydro,15m,15,lightgbm_residual_blend,0.8,70.835,6.8578563028962645,76.321285042317
2026-04-18T05:03:33Z,2026-04-18T14:55:00+10:00,QLD1,gen_hydro,30m,30,lightgbm_residual_blend,0.8,70.835,2.2114516240380677,72.60416129923044
2026-04-18T05:03:33Z,2026-04-18T14:55:00+10:00,QLD1,gen_battery_discharging,5m,5,lightgbm_residual_blend,0.9500000000000001,3.3234,0.94655897881953,4.222631029878554
2026-04-18T05:03:33Z,2026-04-18T14:55:00+10:00,QLD1,gen_battery_discharging,15m,15,lightgbm_residual_blend,1.0,3.3234,4.887525939756836,8.210925939756835
2026-04-18T05:03:33Z,2026-04-18T14:55:00+10:00,QLD1,gen_battery_discharging,30m,30,lightgbm_residual_blend,1.0,3.3234,12.035615914879518,15.359015914879517
2026-04-18T05:03:33Z,2026-04-18T14:55:00+10:00,QLD1,renewables_pct,5m,5,lightgbm_residual_blend,1.0,39.73412043786261,3.1593388581338315,42.893459295996436
2026-04-18T05:03:33Z,2026-04-18T14:55:00+10:00,QLD1,renewables_pct,15m,15,lightgbm_residual_blend,1.0,39.73412043786261,7.586006250414367,47.32012668827697
2026-04-18T05:03:33Z,2026-04-18T14:55:00+10:00,QLD1,renewables_pct,30m,30,lightgbm_residual_blend,1.0,39.73412043786261,6.131428755533651,45.86554919339626
2026-04-18T05:03:33Z,2026-04-18T14:55:00+10:00,SA1,price,5m,5,lightgbm_residual_blend,1.0,-2.73,1.0805024479340182,-1.6494975520659818
2026-04-18T05:03:33Z,2026-04-18T14:55:00+10:00,SA1,price,15m,15,lightgbm_residual_blend,1.0,-2.73,2.366755859781967,-0.3632441402180331
2026-04-18T05:03:33Z,2026-04-18T14:55:00+10:00,SA1,price,30m,30,lightgbm_residual_blend,1.0,-2.73,2.299245876301546,-0.430754123698454
2026-04-18T05:03:33Z,2026-04-18T14:55:00+10:00,SA1,demand,5m,5,lightgbm_residual_blend,1.0,289.13,3.463350816213348,292.59335081621333
2026-04-18T05:03:33Z,2026-04-18T14:55:00+10:00,SA1,demand,15m,15,lightgbm_residual_blend,1.0,289.13,12.429765253366133,301.55976525336615
2026-04-18T05:03:33Z,2026-04-18T14:55:00+10:00,SA1,demand,30m,30,lightgbm_residual_blend,1.0,289.13,15.534281326206617,304.6642813262066
2026-04-18T05:03:33Z,2026-04-18T14:55:00+10:00,SA1,gen_wind,5m,5,lightgbm_residual_blend,1.0,63.2317,-3.482140762604292,59.7495592373957
2026-04-18T05:03:33Z,2026-04-18T14:55:00+10:00,SA1,gen_wind,15m,15,lightgbm_residual_blend,1.0,63.2317,-1.88404793239274,61.34765206760726
2026-04-18T05:03:33Z,2026-04-18T14:55:00+10:00,SA1,gen_wind,30m,30,lightgbm_residual_blend,1.0,63.2317,2.0688288053071036,65.3005288053071
2026-04-18T05:03:33Z,2026-04-18T14:55:00+10:00,SA1,gen_coal_black,5m,5,lightgbm_residual_blend,0.0,0.0,0.0,0.0
2026-04-18T05:03:33Z,2026-04-18T14:55:00+10:00,SA1,gen_coal_black,15m,15,lightgbm_residual_blend,0.0,0.0,0.0,0.0
2026-04-18T05:03:33Z,2026-04-18T14:55:00+10:00,SA1,gen_coal_black,30m,30,lightgbm_residual_blend,0.0,0.0,0.0,0.0
2026-04-18T05:03:33Z,2026-04-18T14:55:00+10:00,SA1,gen_coal_brown,5m,5,lightgbm_residual_blend,0.0,0.0,0.0,0.0
2026-04-18T05:03:33Z,2026-04-18T14:55:00+10:00,SA1,gen_coal_brown,15m,15,lightgbm_residual_blend,0.0,0.0,0.0,0.0
2026-04-18T05:03:33Z,2026-04-18T14:55:00+10:00,SA1,gen_coal_brown,30m,30,lightgbm_residual_blend,0.0,0.0,0.0,0.0
2026-04-18T05:03:33Z,2026-04-18T14:55:00+10:00,SA1,gen_solar_utility,5m,5,lightgbm_residual_blend,0.65,280.8007,-3.0268630976956667,278.8332389864978
2026-04-18T05:03:33Z,2026-04-18T14:55:00+10:00,SA1,gen_solar_utility,15m,15,lightgbm_residual_blend,0.75,280.8007,-3.852075731002849,277.9116432017479
2026-04-18T05:03:33Z,2026-04-18T14:55:00+10:00,SA1,gen_solar_utility,30m,30,lightgbm_residual_blend,0.7000000000000001,280.8007,-4.105986093829185,277.92650973431955
2026-04-18T05:03:33Z,2026-04-18T14:55:00+10:00,SA1,gen_solar_rooftop,5m,5,lightgbm_residual_blend,1.0,0.0,261.70443634169084,261.70443634169084
2026-04-18T05:03:33Z,2026-04-18T14:55:00+10:00,SA1,gen_solar_rooftop,15m,15,lightgbm_residual_blend,1.0,0.0,738.9954348881043,738.9954348881043
2026-04-18T05:03:33Z,2026-04-18T14:55:00+10:00,SA1,gen_solar_rooftop,30m,30,lightgbm_residual_blend,1.0,0.0,739.3355321089899,739.3355321089899
2026-04-18T05:03:33Z,2026-04-18T14:55:00+10:00,SA1,gen_hydro,5m,5,lightgbm_residual_blend,0.0,0.0,0.0,0.0
2026-04-18T05:03:33Z,2026-04-18T14:55:00+10:00,SA1,gen_hydro,15m,15,lightgbm_residual_blend,0.0,0.0,0.0,0.0
2026-04-18T05:03:33Z,2026-04-18T14:55:00+10:00,SA1,gen_hydro,30m,30,lightgbm_residual_blend,0.0,0.0,0.0,0.0
2026-04-18T05:03:33Z,2026-04-18T14:55:00+10:00,SA1,gen_battery_discharging,5m,5,lightgbm_residual_blend,1.0,0.033,1.6587117768824322,1.6917117768824321
2026-04-18T05:03:33Z,2026-04-18T14:55:00+10:00,SA1,gen_battery_discharging,15m,15,lightgbm_residual_blend,0.9500000000000001,0.033,-3.980312961028831,-3.7482973129773898
2026-04-18T05:03:33Z,2026-04-18T14:55:00+10:00,SA1,gen_battery_discharging,30m,30,lightgbm_residual_blend,0.8500000000000001,0.033,-17.740457793294045,-15.04638912429994
2026-04-18T05:03:33Z,2026-04-18T14:55:00+10:00,SA1,renewables_pct,5m,5,lightgbm_residual_blend,1.0,80.22835551940784,4.88519581381912,85.11355133322697
2026-04-18T05:03:33Z,2026-04-18T14:55:00+10:00,SA1,renewables_pct,15m,15,lightgbm_residual_blend,0.9500000000000001,80.22835551940784,16.446499681568792,95.8525302168982
2026-04-18T05:03:33Z,2026-04-18T14:55:00+10:00,SA1,renewables_pct,30m,30,lightgbm_residual_blend,0.9,80.22835551940784,15.698181639032702,94.35671899453727
2026-04-18T05:03:33Z,2026-04-18T14:55:00+10:00,TAS1,price,5m,5,lightgbm_residual_blend,1.0,92.15,0.0008812467701577853,92.15088124677017
2026-04-18T05:03:33Z,2026-04-18T14:55:00+10:00,TAS1,price,15m,15,lightgbm_residual_blend,1.0,92.15,0.021373311187448143,92.17137331118745
2026-04-18T05:03:33Z,2026-04-18T14:55:00+10:00,TAS1,price,30m,30,lightgbm_residual_blend,1.0,92.15,-0.23844831317959594,91.91155168682042
2026-04-18T05:03:33Z,2026-04-18T14:55:00+10:00,TAS1,demand,5m,5,lightgbm_residual_blend,1.0,959.63,-2.9784522036141063,956.6515477963859
2026-04-18T05:03:33Z,2026-04-18T14:55:00+10:00,TAS1,demand,15m,15,lightgbm_residual_blend,1.0,959.63,-7.180716457015997,952.449283542984
2026-04-18T05:03:33Z,2026-04-18T14:55:00+10:00,TAS1,demand,30m,30,lightgbm_residual_blend,1.0,959.63,-10.779747100661154,948.8502528993388
2026-04-18T05:03:33Z,2026-04-18T14:55:00+10:00,TAS1,gen_wind,5m,5,lightgbm_residual_blend,0.5,138.4745,0.21577086615118474,138.5823854330756
2026-04-18T05:03:33Z,2026-04-18T14:55:00+10:00,TAS1,gen_wind,15m,15,lightgbm_residual_blend,0.8500000000000001,138.4745,3.8685563100629285,141.7627728635535
2026-04-18T05:03:33Z,2026-04-18T14:55:00+10:00,TAS1,gen_wind,30m,30,lightgbm_residual_blend,0.8500000000000001,138.4745,9.677999936955233,146.70079994641196
2026-04-18T05:03:33Z,2026-04-18T14:55:00+10:00,TAS1,gen_coal_black,5m,5,lightgbm_residual_blend,0.0,0.0,0.0,0.0
2026-04-18T05:03:33Z,2026-04-18T14:55:00+10:00,TAS1,gen_coal_black,15m,15,lightgbm_residual_blend,0.0,0.0,0.0,0.0
2026-04-18T05:03:33Z,2026-04-18T14:55:00+10:00,TAS1,gen_coal_black,30m,30,lightgbm_residual_blend,0.0,0.0,0.0,0.0
2026-04-18T05:03:33Z,2026-04-18T14:55:00+10:00,TAS1,gen_coal_brown,5m,5,lightgbm_residual_blend,0.0,0.0,0.0,0.0
2026-04-18T05:03:33Z,2026-04-18T14:55:00+10:00,TAS1,gen_coal_brown,15m,15,lightgbm_residual_blend,0.0,0.0,0.0,0.0
2026-04-18T05:03:33Z,2026-04-18T14:55:00+10:00,TAS1,gen_coal_brown,30m,30,lightgbm_residual_blend,0.0,0.0,0.0,0.0
2026-04-18T05:03:33Z,2026-04-18T14:55:00+10:00,TAS1,gen_solar_utility,5m,5,lightgbm_residual_blend,0.0,0.0,0.0,0.0
2026-04-18T05:03:33Z,2026-04-18T14:55:00+10:00,TAS1,gen_solar_utility,15m,15,lightgbm_residual_blend,0.0,0.0,0.0,0.0
2026-04-18T05:03:33Z,2026-04-18T14:55:00+10:00,TAS1,gen_solar_utility,30m,30,lightgbm_residual_blend,0.0,0.0,0.0,0.0
2026-04-18T05:03:33Z,2026-04-18T14:55:00+10:00,TAS1,gen_solar_rooftop,5m,5,lightgbm_residual_blend,1.0,0.0,26.192022060733358,26.192022060733358
2026-04-18T05:03:33Z,2026-04-18T14:55:00+10:00,TAS1,gen_solar_rooftop,15m,15,lightgbm_residual_blend,1.0,0.0,65.8577914558744,65.8577914558744
2026-04-18T05:03:33Z,2026-04-18T14:55:00+10:00,TAS1,gen_solar_rooftop,30m,30,lightgbm_residual_blend,1.0,0.0,71.45382326685551,71.45382326685551
2026-04-18T05:03:33Z,2026-04-18T14:55:00+10:00,TAS1,gen_hydro,5m,5,lightgbm_residual_blend,0.9500000000000001,694.025,-6.163192436094879,688.1699671857099
2026-04-18T05:03:33Z,2026-04-18T14:55:00+10:00,TAS1,gen_hydro,15m,15,lightgbm_residual_blend,1.0,694.025,-3.9208866566567053,690.1041133433432
2026-04-18T05:03:33Z,2026-04-18T14:55:00+10:00,TAS1,gen_hydro,30m,30,lightgbm_residual_blend,1.0,694.025,-13.484369010415948,680.540630989584
2026-04-18T05:03:33Z,2026-04-18T14:55:00+10:00,TAS1,gen_battery_discharging,5m,5,lightgbm_residual_blend,0.0,0.0,0.0,0.0
2026-04-18T05:03:33Z,2026-04-18T14:55:00+10:00,TAS1,gen_battery_discharging,15m,15,lightgbm_residual_blend,0.0,0.0,0.0,0.0
2026-04-18T05:03:33Z,2026-04-18T14:55:00+10:00,TAS1,gen_battery_discharging,30m,30,lightgbm_residual_blend,0.0,0.0,0.0,0.0
2026-04-18T05:03:33Z,2026-04-18T14:55:00+10:00,TAS1,renewables_pct,5m,5,lightgbm_residual_blend,0.15000000000000002,100.0,-0.0004901622812912142,99.9999264756578
2026-04-18T05:03:33Z,2026-04-18T14:55:00+10:00,TAS1,renewables_pct,15m,15,lightgbm_residual_blend,0.15000000000000002,100.0,-0.0007075677223610562,99.99989386484165
2026-04-18T05:03:33Z,2026-04-18T14:55:00+10:00,TAS1,renewables_pct,30m,30,lightgbm_residual_blend,0.1,100.0,-0.0014647524993332552,99.99985352475007
2026-04-18T05:03:33Z,2026-04-18T14:55:00+10:00,VIC1,price,5m,5,lightgbm_residual_blend,1.0,-2.74,0.06136827979819171,-2.6786317202018086
2026-04-18T05:03:33Z,2026-04-18T14:55:00+10:00,VIC1,price,15m,15,lightgbm_residual_blend,1.0,-2.74,0.35965346087730743,-2.3803465391226926
2026-04-18T05:03:33Z,2026-04-18T14:55:00+10:00,VIC1,price,30m,30,lightgbm_residual_blend,1.0,-2.74,0.7867623412299974,-1.9532376587700027
2026-04-18T05:03:33Z,2026-04-18T14:55:00+10:00,VIC1,demand,5m,5,lightgbm_residual_blend,1.0,3239.54,-15.195443922498642,3224.3445560775012
2026-04-18T05:03:33Z,2026-04-18T14:55:00+10:00,VIC1,demand,15m,15,lightgbm_residual_blend,1.0,3239.54,-3.1715417321359003,3236.368458267864
2026-04-18T05:03:33Z,2026-04-18T14:55:00+10:00,VIC1,demand,30m,30,lightgbm_residual_blend,1.0,3239.54,14.760608232614029,3254.300608232614
2026-04-18T05:03:33Z,2026-04-18T14:55:00+10:00,VIC1,gen_wind,5m,5,lightgbm_residual_blend,1.0,103.3479,-12.186121642563483,91.16177835743652
2026-04-18T05:03:33Z,2026-04-18T14:55:00+10:00,VIC1,gen_wind,15m,15,lightgbm_residual_blend,1.0,103.3479,6.365902358255046,109.71380235825504
2026-04-18T05:03:33Z,2026-04-18T14:55:00+10:00,VIC1,gen_wind,30m,30,lightgbm_residual_blend,1.0,103.3479,23.944742075015455,127.29264207501545
2026-04-18T05:03:33Z,2026-04-18T14:55:00+10:00,VIC1,gen_coal_black,5m,5,lightgbm_residual_blend,0.0,0.0,0.0,0.0
2026-04-18T05:03:33Z,2026-04-18T14:55:00+10:00,VIC1,gen_coal_black,15m,15,lightgbm_residual_blend,0.0,0.0,0.0,0.0
2026-04-18T05:03:33Z,2026-04-18T14:55:00+10:00,VIC1,gen_coal_black,30m,30,lightgbm_residual_blend,0.0,0.0,0.0,0.0
2026-04-18T05:03:33Z,2026-04-18T14:55:00+10:00,VIC1,gen_coal_brown,5m,5,lightgbm_residual_blend,1.0,2690.1876,-9.327053026785165,2680.860546973215
2026-04-18T05:03:33Z,2026-04-18T14:55:00+10:00,VIC1,gen_coal_brown,15m,15,lightgbm_residual_blend,1.0,2690.1876,-11.27649536923379,2678.911104630766
2026-04-18T05:03:33Z,2026-04-18T14:55:00+10:00,VIC1,gen_coal_brown,30m,30,lightgbm_residual_blend,1.0,2690.1876,-9.963927331320523,2680.2236726686797
2026-04-18T05:03:33Z,2026-04-18T14:55:00+10:00,VIC1,gen_solar_utility,5m,5,lightgbm_residual_blend,0.9,1086.0644,-2.7098046322775917,1083.62557583095
2026-04-18T05:03:33Z,2026-04-18T14:55:00+10:00,VIC1,gen_solar_utility,15m,15,lightgbm_residual_blend,0.8500000000000001,1086.0644,8.101398227532208,1092.9505884934024
2026-04-18T05:03:33Z,2026-04-18T14:55:00+10:00,VIC1,gen_solar_utility,30m,30,lightgbm_residual_blend,0.8500000000000001,1086.0644,19.780846536293208,1102.8781195558493
2026-04-18T05:03:33Z,2026-04-18T14:55:00+10:00,VIC1,gen_solar_rooftop,5m,5,lightgbm_residual_blend,1.0,0.0,615.0825552207882,615.0825552207882
2026-04-18T05:03:33Z,2026-04-18T14:55:00+10:00,VIC1,gen_solar_rooftop,15m,15,lightgbm_residual_blend,1.0,0.0,1436.1717783957101,1436.1717783957101
2026-04-18T05:03:33Z,2026-04-18T14:55:00+10:00,VIC1,gen_solar_rooftop,30m,30,lightgbm_residual_blend,1.0,0.0,1468.7410684817419,1468.7410684817419
2026-04-18T05:03:33Z,2026-04-18T14:55:00+10:00,VIC1,gen_hydro,5m,5,lightgbm_residual_blend,0.7000000000000001,0.32,-4.001148860392504,-2.480804202274753
2026-04-18T05:03:33Z,2026-04-18T14:55:00+10:00,VIC1,gen_hydro,15m,15,lightgbm_residual_blend,0.9500000000000001,0.32,-8.040650182426052,-7.31861767330475
2026-04-18T05:03:33Z,2026-04-18T14:55:00+10:00,VIC1,gen_hydro,30m,30,lightgbm_residual_blend,1.0,0.32,-19.2177747308197,-18.897774730819698
2026-04-18T05:03:33Z,2026-04-18T14:55:00+10:00,VIC1,gen_battery_discharging,5m,5,lightgbm_residual_blend,1.0,0.39,1.734644781978677,2.124644781978677
2026-04-18T05:03:33Z,2026-04-18T14:55:00+10:00,VIC1,gen_battery_discharging,15m,15,lightgbm_residual_blend,1.0,0.39,2.455011832022739,2.845011832022739
2026-04-18T05:03:33Z,2026-04-18T14:55:00+10:00,VIC1,gen_battery_discharging,30m,30,lightgbm_residual_blend,1.0,0.39,-0.3605628756526297,0.029437124347370336
2026-04-18T05:03:33Z,2026-04-18T14:55:00+10:00,VIC1,renewables_pct,5m,5,lightgbm_residual_blend,1.0,30.67080544262714,5.572177375792582,36.242982818419726
2026-04-18T05:03:33Z,2026-04-18T14:55:00+10:00,VIC1,renewables_pct,15m,15,lightgbm_residual_blend,1.0,30.67080544262714,16.476241581951854,47.147047024578995
2026-04-18T05:03:33Z,2026-04-18T14:55:00+10:00,VIC1,renewables_pct,30m,30,lightgbm_residual_blend,1.0,30.67080544262714,17.46743670642818,48.13824214905532
2026-04-18T05:13:57Z,2026-04-18T15:05:00+10:00,NSW1,price,5m,5,lightgbm_residual_blend,1.0,-2.92,0.1782748929440811,-2.741725107055919
2026-04-18T05:13:57Z,2026-04-18T15:05:00+10:00,NSW1,price,15m,15,lightgbm_residual_blend,1.0,-2.92,1.2032990929921399,-1.71670090700786
2026-04-18T05:13:57Z,2026-04-18T15:05:00+10:00,NSW1,price,30m,30,lightgbm_residual_blend,0.9500000000000001,-2.92,2.7348673920780904,-0.321875977525814
2026-04-18T05:13:57Z,2026-04-18T15:05:00+10:00,NSW1,demand,5m,5,lightgbm_residual_blend,1.0,5054.05,13.342284922523225,5067.392284922524
2026-04-18T05:13:57Z,2026-04-18T15:05:00+10:00,NSW1,demand,15m,15,lightgbm_residual_blend,1.0,5054.05,59.053784480945936,5113.103784480946
2026-04-18T05:13:57Z,2026-04-18T15:05:00+10:00,NSW1,demand,30m,30,lightgbm_residual_blend,1.0,5054.05,173.43579744347653,5227.485797443476
2026-04-18T05:13:57Z,2026-04-18T15:05:00+10:00,NSW1,gen_wind,5m,5,lightgbm_residual_blend,1.0,240.5774,-0.5227248426218005,240.0546751573782
2026-04-18T05:13:57Z,2026-04-18T15:05:00+10:00,NSW1,gen_wind,15m,15,lightgbm_residual_blend,0.9,240.5774,2.5392967805952957,242.86276710253577
2026-04-18T05:13:57Z,2026-04-18T15:05:00+10:00,NSW1,gen_wind,30m,30,lightgbm_residual_blend,0.8500000000000001,240.5774,5.9198787481357975,245.60929693591544
2026-04-18T05:13:57Z,2026-04-18T15:05:00+10:00,NSW1,gen_coal_black,5m,5,lightgbm_residual_blend,1.0,2574.4972,27.18224954904384,2601.6794495490435
2026-04-18T05:13:57Z,2026-04-18T15:05:00+10:00,NSW1,gen_coal_black,15m,15,lightgbm_residual_blend,1.0,2574.4972,82.82210378451168,2657.3193037845112
2026-04-18T05:13:57Z,2026-04-18T15:05:00+10:00,NSW1,gen_coal_black,30m,30,lightgbm_residual_blend,1.0,2574.4972,164.5904564211801,2739.08765642118
2026-04-18T05:13:57Z,2026-04-18T15:05:00+10:00,NSW1,gen_coal_brown,5m,5,lightgbm_residual_blend,0.0,0.0,0.0,0.0
2026-04-18T05:13:57Z,2026-04-18T15:05:00+10:00,NSW1,gen_coal_brown,15m,15,lightgbm_residual_blend,0.0,0.0,0.0,0.0
2026-04-18T05:13:57Z,2026-04-18T15:05:00+10:00,NSW1,gen_coal_brown,30m,30,lightgbm_residual_blend,0.0,0.0,0.0,0.0
2026-04-18T05:13:57Z,2026-04-18T15:05:00+10:00,NSW1,gen_solar_utility,5m,5,lightgbm_residual_blend,1.0,2923.5638,0.47659902519715697,2924.040399025197
2026-04-18T05:13:57Z,2026-04-18T15:05:00+10:00,NSW1,gen_solar_utility,15m,15,lightgbm_residual_blend,1.0,2923.5638,-15.181181851603691,2908.3826181483964
2026-04-18T05:13:57Z,2026-04-18T15:05:00+10:00,NSW1,gen_solar_utility,30m,30,lightgbm_residual_blend,1.0,2923.5638,-25.16536636852746,2898.3984336314725
2026-04-18T05:13:57Z,2026-04-18T15:05:00+10:00,NSW1,gen_hydro,5m,5,lightgbm_residual_blend,1.0,19.151,0.36187889400721845,19.51287889400722
2026-04-18T05:13:57Z,2026-04-18T15:05:00+10:00,NSW1,gen_hydro,15m,15,lightgbm_residual_blend,0.8,19.151,0.6481359025390243,19.669508722031217
2026-04-18T05:13:57Z,2026-04-18T15:05:00+10:00,NSW1,gen_hydro,30m,30,lightgbm_residual_blend,0.65,19.151,7.077593036343987,23.75143547362359
2026-04-18T05:13:57Z,2026-04-18T15:05:00+10:00,NSW1,gen_battery_discharging,5m,5,lightgbm_residual_blend,0.6000000000000001,0.086,0.07119014235838048,0.1287140854150283
2026-04-18T05:13:57Z,2026-04-18T15:05:00+10:00,NSW1,gen_battery_discharging,15m,15,lightgbm_residual_blend,1.0,0.086,1.4752910551470582,1.5612910551470582
2026-04-18T05:13:57Z,2026-04-18T15:05:00+10:00,NSW1,gen_battery_discharging,30m,30,lightgbm_residual_blend,1.0,0.086,2.752311023274994,2.838311023274994
2026-04-18T05:13:57Z,2026-04-18T15:05:00+10:00,NSW1,renewables_pct,5m,5,lightgbm_residual_blend,1.0,55.032280318406364,1.8780533706947973,56.910333689101165
2026-04-18T05:13:57Z,2026-04-18T15:05:00+10:00,NSW1,renewables_pct,15m,15,lightgbm_residual_blend,1.0,55.032280318406364,3.177425653447565,58.20970597185393
2026-04-18T05:13:57Z,2026-04-18T15:05:00+10:00,NSW1,renewables_pct,30m,30,lightgbm_residual_blend,1.0,55.032280318406364,0.7635628747003138,55.79584319310668
2026-04-18T05:13:57Z,2026-04-18T15:05:00+10:00,QLD1,price,5m,5,lightgbm_residual_blend,1.0,-2.9,0.15495956223922422,-2.7450404377607756
2026-04-18T05:13:57Z,2026-04-18T15:05:00+10:00,QLD1,price,15m,15,lightgbm_residual_blend,1.0,-2.9,1.516072988534601,-1.383927011465399
2026-04-18T05:13:57Z,2026-04-18T15:05:00+10:00,QLD1,price,30m,30,lightgbm_residual_blend,1.0,-2.9,3.544180258910606,0.6441802589106063
2026-04-18T05:13:57Z,2026-04-18T15:05:00+10:00,QLD1,demand,5m,5,lightgbm_residual_blend,1.0,5592.82,-8.407837438658552,5584.412162561342
2026-04-18T05:13:57Z,2026-04-18T15:05:00+10:00,QLD1,demand,15m,15,lightgbm_residual_blend,1.0,5592.82,62.15708018811207,5654.977080188111
2026-04-18T05:13:57Z,2026-04-18T15:05:00+10:00,QLD1,demand,30m,30,lightgbm_residual_blend,1.0,5592.82,140.00139236860747,5732.821392368607
2026-04-18T05:13:57Z,2026-04-18T15:05:00+10:00,QLD1,gen_wind,5m,5,lightgbm_residual_blend,1.0,194.4184,-1.7023358967152802,192.7160641032847
2026-04-18T05:13:57Z,2026-04-18T15:05:00+10:00,QLD1,gen_wind,15m,15,lightgbm_residual_blend,0.9500000000000001,194.4184,-5.598949044424126,189.09939840779708
2026-04-18T05:13:57Z,2026-04-18T15:05:00+10:00,QLD1,gen_wind,30m,30,lightgbm_residual_blend,0.9,194.4184,-11.184041835917826,184.35276234767394
2026-04-18T05:13:57Z,2026-04-18T15:05:00+10:00,QLD1,gen_coal_black,5m,5,lightgbm_residual_blend,0.9,3645.6951,9.184227487714482,3653.960904738943
2026-04-18T05:13:57Z,2026-04-18T15:05:00+10:00,QLD1,gen_coal_black,15m,15,lightgbm_residual_blend,0.9500000000000001,3645.6951,49.781737253045335,3692.987750390393
2026-04-18T05:13:57Z,2026-04-18T15:05:00+10:00,QLD1,gen_coal_black,30m,30,lightgbm_residual_blend,0.9500000000000001,3645.6951,107.23260141506222,3747.566071344309
2026-04-18T05:13:57Z,2026-04-18T15:05:00+10:00,QLD1,gen_coal_brown,5m,5,lightgbm_residual_blend,0.0,0.0,0.0,0.0
2026-04-18T05:13:57Z,2026-04-18T15:05:00+10:00,QLD1,gen_coal_brown,15m,15,lightgbm_residual_blend,0.0,0.0,0.0,0.0
2026-04-18T05:13:57Z,2026-04-18T15:05:00+10:00,QLD1,gen_coal_brown,30m,30,lightgbm_residual_blend,0.0,0.0,0.0,0.0
2026-04-18T05:13:57Z,2026-04-18T15:05:00+10:00,QLD1,gen_solar_utility,5m,5,lightgbm_residual_blend,1.0,2497.1251,-19.615629255515465,2477.5094707444846
2026-04-18T05:13:57Z,2026-04-18T15:05:00+10:00,QLD1,gen_solar_utility,15m,15,lightgbm_residual_blend,1.0,2497.1251,-29.696839047214446,2467.428260952786
2026-04-18T05:13:57Z,2026-04-18T15:05:00+10:00,QLD1,gen_solar_utility,30m,30,lightgbm_residual_blend,1.0,2497.1251,-42.60388649722134,2454.5212135027787
2026-04-18T05:13:57Z,2026-04-18T15:05:00+10:00,QLD1,gen_hydro,5m,5,lightgbm_residual_blend,0.8500000000000001,70.8575,-0.8868259553040954,70.10369793799153
2026-04-18T05:13:57Z,2026-04-18T15:05:00+10:00,QLD1,gen_hydro,15m,15,lightgbm_residual_blend,0.8,70.8575,2.4184694981915222,72.79227559855322
2026-04-18T05:13:57Z,2026-04-18T15:05:00+10:00,QLD1,gen_hydro,30m,30,lightgbm_residual_blend,0.8,70.8575,6.472523085187117,76.03551846814969
2026-04-18T05:13:57Z,2026-04-18T15:05:00+10:00,QLD1,gen_battery_discharging,5m,5,lightgbm_residual_blend,0.9500000000000001,3.2261,2.2844356397506465,5.396313857763115
2026-04-18T05:13:57Z,2026-04-18T15:05:00+10:00,QLD1,gen_battery_discharging,15m,15,lightgbm_residual_blend,1.0,3.2261,5.134248414052028,8.360348414052028
2026-04-18T05:13:57Z,2026-04-18T15:05:00+10:00,QLD1,gen_battery_discharging,30m,30,lightgbm_residual_blend,1.0,3.2261,10.143660877949632,13.369760877949632
2026-04-18T05:13:57Z,2026-04-18T15:05:00+10:00,QLD1,renewables_pct,5m,5,lightgbm_residual_blend,1.0,41.80426345778718,2.6401356364932242,44.444399094280406
2026-04-18T05:13:57Z,2026-04-18T15:05:00+10:00,QLD1,renewables_pct,15m,15,lightgbm_residual_blend,1.0,41.80426345778718,6.930602824064188,48.73486628185137
2026-04-18T05:13:57Z,2026-04-18T15:05:00+10:00,QLD1,renewables_pct,30m,30,lightgbm_residual_blend,1.0,41.80426345778718,5.2566047919559304,47.06086824974311
2026-04-18T05:13:57Z,2026-04-18T15:05:00+10:00,SA1,price,5m,5,lightgbm_residual_blend,1.0,-2.59,0.7405327885870652,-1.8494672114129347
2026-04-18T05:13:57Z,2026-04-18T15:05:00+10:00,SA1,price,15m,15,lightgbm_residual_blend,1.0,-2.59,1.4931016086454278,-1.096898391354572
2026-04-18T05:13:57Z,2026-04-18T15:05:00+10:00,SA1,price,30m,30,lightgbm_residual_blend,1.0,-2.59,1.633881163306333,-0.9561188366936668
2026-04-18T05:13:57Z,2026-04-18T15:05:00+10:00,SA1,demand,5m,5,lightgbm_residual_blend,1.0,304.1,-6.21149503572181,297.88850496427824
2026-04-18T05:13:57Z,2026-04-18T15:05:00+10:00,SA1,demand,15m,15,lightgbm_residual_blend,1.0,304.1,-15.01317799432418,289.08682200567586
2026-04-18T05:13:57Z,2026-04-18T15:05:00+10:00,SA1,demand,30m,30,lightgbm_residual_blend,1.0,304.1,-26.055936821337937,278.0440631786621
2026-04-18T05:13:57Z,2026-04-18T15:05:00+10:00,SA1,gen_wind,5m,5,lightgbm_residual_blend,1.0,69.1176,1.7132205760931596,70.83082057609316
2026-04-18T05:13:57Z,2026-04-18T15:05:00+10:00,SA1,gen_wind,15m,15,lightgbm_residual_blend,1.0,69.1176,3.234160647740457,72.35176064774045
2026-04-18T05:13:57Z,2026-04-18T15:05:00+10:00,SA1,gen_wind,30m,30,lightgbm_residual_blend,1.0,69.1176,4.042178671292897,73.1597786712929
2026-04-18T05:13:57Z,2026-04-18T15:05:00+10:00,SA1,gen_coal_black,5m,5,lightgbm_residual_blend,0.0,0.0,0.0,0.0
2026-04-18T05:13:57Z,2026-04-18T15:05:00+10:00,SA1,gen_coal_black,15m,15,lightgbm_residual_blend,0.0,0.0,0.0,0.0
2026-04-18T05:13:57Z,2026-04-18T15:05:00+10:00,SA1,gen_coal_black,30m,30,lightgbm_residual_blend,0.0,0.0,0.0,0.0
2026-04-18T05:13:57Z,2026-04-18T15:05:00+10:00,SA1,gen_coal_brown,5m,5,lightgbm_residual_blend,0.0,0.0,0.0,0.0
2026-04-18T05:13:57Z,2026-04-18T15:05:00+10:00,SA1,gen_coal_brown,15m,15,lightgbm_residual_blend,0.0,0.0,0.0,0.0
2026-04-18T05:13:57Z,2026-04-18T15:05:00+10:00,SA1,gen_coal_brown,30m,30,lightgbm_residual_blend,0.0,0.0,0.0,0.0
2026-04-18T05:13:57Z,2026-04-18T15:05:00+10:00,SA1,gen_solar_utility,5m,5,lightgbm_residual_blend,0.65,275.8364,0.06122271828713956,275.87619476688667
2026-04-18T05:13:57Z,2026-04-18T15:05:00+10:00,SA1,gen_solar_utility,15m,15,lightgbm_residual_blend,0.75,275.8364,-2.4922706459262733,273.9671970155553
2026-04-18T05:13:57Z,2026-04-18T15:05:00+10:00,SA1,gen_solar_utility,30m,30,lightgbm_residual_blend,0.7000000000000001,275.8364,0.561558300688033,276.22949081048165
2026-04-18T05:13:57Z,2026-04-18T15:05:00+10:00,SA1,gen_hydro,5m,5,lightgbm_residual_blend,0.0,0.0,0.0,0.0
2026-04-18T05:13:57Z,2026-04-18T15:05:00+10:00,SA1,gen_hydro,15m,15,lightgbm_residual_blend,0.0,0.0,0.0,0.0
2026-04-18T05:13:57Z,2026-04-18T15:05:00+10:00,SA1,gen_hydro,30m,30,lightgbm_residual_blend,0.0,0.0,0.0,0.0
2026-04-18T05:13:57Z,2026-04-18T15:05:00+10:00,SA1,gen_battery_discharging,5m,5,lightgbm_residual_blend,1.0,0.0,-0.9403554005034566,-0.9403554005034566
2026-04-18T05:13:57Z,2026-04-18T15:05:00+10:00,SA1,gen_battery_discharging,15m,15,lightgbm_residual_blend,0.9500000000000001,0.0,-8.977456371727857,-8.528583553141464
2026-04-18T05:13:57Z,2026-04-18T15:05:00+10:00,SA1,gen_battery_discharging,30m,30,lightgbm_residual_blend,0.8500000000000001,0.0,-18.769878319794394,-15.954396571825237
2026-04-18T05:13:57Z,2026-04-18T15:05:00+10:00,SA1,renewables_pct,5m,5,lightgbm_residual_blend,1.0,80.77316549631426,4.934659799823229,85.70782529613749
2026-04-18T05:13:57Z,2026-04-18T15:05:00+10:00,SA1,renewables_pct,15m,15,lightgbm_residual_blend,0.9500000000000001,80.77316549631426,16.442090682794888,96.39315164496941
2026-04-18T05:13:57Z,2026-04-18T15:05:00+10:00,SA1,renewables_pct,30m,30,lightgbm_residual_blend,0.9,80.77316549631426,15.139959305581016,94.39912887133718
2026-04-18T05:13:57Z,2026-04-18T15:05:00+10:00,TAS1,price,5m,5,lightgbm_residual_blend,1.0,88.16,0.22092419797366547,88.38092419797366
2026-04-18T05:13:57Z,2026-04-18T15:05:00+10:00,TAS1,price,15m,15,lightgbm_residual_blend,1.0,88.16,0.49822611086118107,88.65822611086118
2026-04-18T05:13:57Z,2026-04-18T15:05:00+10:00,TAS1,price,30m,30,lightgbm_residual_blend,1.0,88.16,0.21983753057738137,88.37983753057738
2026-04-18T05:13:57Z,2026-04-18T15:05:00+10:00,TAS1,demand,5m,5,lightgbm_residual_blend,1.0,959.12,-2.5402507054774763,956.5797492945226
2026-04-18T05:13:57Z,2026-04-18T15:05:00+10:00,TAS1,demand,15m,15,lightgbm_residual_blend,1.0,959.12,-4.840942401234317,954.2790575987657
2026-04-18T05:13:57Z,2026-04-18T15:05:00+10:00,TAS1,demand,30m,30,lightgbm_residual_blend,1.0,959.12,-7.055127713083648,952.0648722869164
2026-04-18T05:13:57Z,2026-04-18T15:05:00+10:00,TAS1,gen_wind,5m,5,lightgbm_residual_blend,0.5,131.2905,0.6931560330205776,131.6370780165103
2026-04-18T05:13:57Z,2026-04-18T15:05:00+10:00,TAS1,gen_wind,15m,15,lightgbm_residual_blend,0.8500000000000001,131.2905,1.5386757843145786,132.5983744166674
2026-04-18T05:13:57Z,2026-04-18T15:05:00+10:00,TAS1,gen_wind,30m,30,lightgbm_residual_blend,0.8500000000000001,131.2905,4.066984304417518,134.7474366587549
2026-04-18T05:13:57Z,2026-04-18T15:05:00+10:00,TAS1,gen_coal_black,5m,5,lightgbm_residual_blend,0.0,0.0,0.0,0.0
2026-04-18T05:13:57Z,2026-04-18T15:05:00+10:00,TAS1,gen_coal_black,15m,15,lightgbm_residual_blend,0.0,0.0,0.0,0.0
2026-04-18T05:13:57Z,2026-04-18T15:05:00+10:00,TAS1,gen_coal_black,30m,30,lightgbm_residual_blend,0.0,0.0,0.0,0.0
2026-04-18T05:13:57Z,2026-04-18T15:05:00+10:00,TAS1,gen_coal_brown,5m,5,lightgbm_residual_blend,0.0,0.0,0.0,0.0
2026-04-18T05:13:57Z,2026-04-18T15:05:00+10:00,TAS1,gen_coal_brown,15m,15,lightgbm_residual_blend,0.0,0.0,0.0,0.0
2026-04-18T05:13:57Z,2026-04-18T15:05:00+10:00,TAS1,gen_coal_brown,30m,30,lightgbm_residual_blend,0.0,0.0,0.0,0.0
2026-04-18T05:13:57Z,2026-04-18T15:05:00+10:00,TAS1,gen_solar_utility,5m,5,lightgbm_residual_blend,0.0,0.0,0.0,0.0
2026-04-18T05:13:57Z,2026-04-18T15:05:00+10:00,TAS1,gen_solar_utility,15m,15,lightgbm_residual_blend,0.0,0.0,0.0,0.0
2026-04-18T05:13:57Z,2026-04-18T15:05:00+10:00,TAS1,gen_solar_utility,30m,30,lightgbm_residual_blend,0.0,0.0,0.0,0.0
2026-04-18T05:13:57Z,2026-04-18T15:05:00+10:00,TAS1,gen_hydro,5m,5,lightgbm_residual_blend,0.9500000000000001,689.1825,-11.484102390611193,678.2726027289194
2026-04-18T05:13:57Z,2026-04-18T15:05:00+10:00,TAS1,gen_hydro,15m,15,lightgbm_residual_blend,1.0,689.1825,-7.978482275318896,681.2040177246811
2026-04-18T05:13:57Z,2026-04-18T15:05:00+10:00,TAS1,gen_hydro,30m,30,lightgbm_residual_blend,1.0,689.1825,-16.7048536058328,672.4776463941672
2026-04-18T05:13:57Z,2026-04-18T15:05:00+10:00,TAS1,gen_battery_discharging,5m,5,lightgbm_residual_blend,0.0,0.0,0.0,0.0
2026-04-18T05:13:57Z,2026-04-18T15:05:00+10:00,TAS1,gen_battery_discharging,15m,15,lightgbm_residual_blend,0.0,0.0,0.0,0.0
2026-04-18T05:13:57Z,2026-04-18T15:05:00+10:00,TAS1,gen_battery_discharging,30m,30,lightgbm_residual_blend,0.0,0.0,0.0,0.0
2026-04-18T05:13:57Z,2026-04-18T15:05:00+10:00,TAS1,renewables_pct,5m,5,lightgbm_residual_blend,0.15000000000000002,100.0,-0.0004901622812912142,99.9999264756578
2026-04-18T05:13:57Z,2026-04-18T15:05:00+10:00,TAS1,renewables_pct,15m,15,lightgbm_residual_blend,0.15000000000000002,100.0,-0.0007075677223610562,99.99989386484165
2026-04-18T05:13:57Z,2026-04-18T15:05:00+10:00,TAS1,renewables_pct,30m,30,lightgbm_residual_blend,0.1,100.0,-0.0012774199435728573,99.99987225800564
2026-04-18T05:13:57Z,2026-04-18T15:05:00+10:00,VIC1,price,5m,5,lightgbm_residual_blend,1.0,-2.69,0.06782638500928133,-2.6221736149907184
2026-04-18T05:13:57Z,2026-04-18T15:05:00+10:00,VIC1,price,15m,15,lightgbm_residual_blend,1.0,-2.69,0.4190794524118242,-2.270920547588176
2026-04-18T05:13:57Z,2026-04-18T15:05:00+10:00,VIC1,price,30m,30,lightgbm_residual_blend,1.0,-2.69,1.0762407157236562,-1.6137592842763437
2026-04-18T05:13:57Z,2026-04-18T15:05:00+10:00,VIC1,demand,5m,5,lightgbm_residual_blend,1.0,3309.69,-6.826335136790643,3302.8636648632096
2026-04-18T05:13:57Z,2026-04-18T15:05:00+10:00,VIC1,demand,15m,15,lightgbm_residual_blend,1.0,3309.69,10.460469871891416,3320.1504698718913
2026-04-18T05:13:57Z,2026-04-18T15:05:00+10:00,VIC1,demand,30m,30,lightgbm_residual_blend,1.0,3309.69,34.77227918851489,3344.462279188515
2026-04-18T05:13:57Z,2026-04-18T15:05:00+10:00,VIC1,gen_wind,5m,5,lightgbm_residual_blend,1.0,93.8698,-2.738891422184854,91.13090857781515
2026-04-18T05:13:57Z,2026-04-18T15:05:00+10:00,VIC1,gen_wind,15m,15,lightgbm_residual_blend,1.0,93.8698,6.399921624796739,100.26972162479673
2026-04-18T05:13:57Z,2026-04-18T15:05:00+10:00,VIC1,gen_wind,30m,30,lightgbm_residual_blend,1.0,93.8698,43.206562900807185,137.07636290080717
2026-04-18T05:13:57Z,2026-04-18T15:05:00+10:00,VIC1,gen_coal_black,5m,5,lightgbm_residual_blend,0.0,0.0,0.0,0.0
2026-04-18T05:13:57Z,2026-04-18T15:05:00+10:00,VIC1,gen_coal_black,15m,15,lightgbm_residual_blend,0.0,0.0,0.0,0.0
2026-04-18T05:13:57Z,2026-04-18T15:05:00+10:00,VIC1,gen_coal_black,30m,30,lightgbm_residual_blend,0.0,0.0,0.0,0.0
2026-04-18T05:13:57Z,2026-04-18T15:05:00+10:00,VIC1,gen_coal_brown,5m,5,lightgbm_residual_blend,1.0,2665.6875,-4.947162805835269,2660.7403371941646
2026-04-18T05:13:57Z,2026-04-18T15:05:00+10:00,VIC1,gen_coal_brown,15m,15,lightgbm_residual_blend,1.0,2665.6875,-4.386290602733779,2661.301209397266
2026-04-18T05:13:57Z,2026-04-18T15:05:00+10:00,VIC1,gen_coal_brown,30m,30,lightgbm_residual_blend,1.0,2665.6875,-3.5702313564611066,2662.117268643539
2026-04-18T05:13:57Z,2026-04-18T15:05:00+10:00,VIC1,gen_solar_utility,5m,5,lightgbm_residual_blend,0.9,1087.1382,-0.36050286448227264,1086.8137474219661
2026-04-18T05:13:57Z,2026-04-18T15:05:00+10:00,VIC1,gen_solar_utility,15m,15,lightgbm_residual_blend,0.8500000000000001,1087.1382,7.5822914273695705,1093.5831477132642
2026-04-18T05:13:57Z,2026-04-18T15:05:00+10:00,VIC1,gen_solar_utility,30m,30,lightgbm_residual_blend,0.8500000000000001,1087.1382,20.05566886493485,1104.1855185351947
2026-04-18T05:13:57Z,2026-04-18T15:05:00+10:00,VIC1,gen_hydro,5m,5,lightgbm_residual_blend,0.7000000000000001,0.22,-3.5648996213753024,-2.2754297349627115
2026-04-18T05:13:57Z,2026-04-18T15:05:00+10:00,VIC1,gen_hydro,15m,15,lightgbm_residual_blend,0.9500000000000001,0.22,-7.414315635497185,-6.823599853722326
2026-04-18T05:13:57Z,2026-04-18T15:05:00+10:00,VIC1,gen_hydro,30m,30,lightgbm_residual_blend,1.0,0.22,-17.502208617182703,-17.282208617182704
2026-04-18T05:13:57Z,2026-04-18T15:05:00+10:00,VIC1,gen_battery_discharging,5m,5,lightgbm_residual_blend,1.0,0.0,0.8097676475490861,0.8097676475490861
2026-04-18T05:13:57Z,2026-04-18T15:05:00+10:00,VIC1,gen_battery_discharging,15m,15,lightgbm_residual_blend,1.0,0.0,1.7497075575163594,1.7497075575163594
2026-04-18T05:13:57Z,2026-04-18T15:05:00+10:00,VIC1,gen_battery_discharging,30m,30,lightgbm_residual_blend,1.0,0.0,6.631376967111781,6.631376967111781
2026-04-18T05:13:57Z,2026-04-18T15:05:00+10:00,VIC1,renewables_pct,5m,5,lightgbm_residual_blend,1.0,30.705847321055018,5.125119929512554,35.83096725056757
2026-04-18T05:13:57Z,2026-04-18T15:05:00+10:00,VIC1,renewables_pct,15m,15,lightgbm_residual_blend,1.0,30.705847321055018,15.184812661374316,45.890659982429334
2026-04-18T05:13:57Z,2026-04-18T15:05:00+10:00,VIC1,renewables_pct,30m,30,lightgbm_residual_blend,1.0,30.705847321055018,17.984773791203573,48.69062111225859
2026-04-18T05:24:03Z,2026-04-18T15:15:00+10:00,NSW1,price,5m,5,lightgbm_residual_blend,1.0,-3.05,0.28817967318130233,-2.7618203268186976
2026-04-18T05:24:03Z,2026-04-18T15:15:00+10:00,NSW1,price,15m,15,lightgbm_residual_blend,1.0,-3.05,1.4177806815966714,-1.6322193184033285
2026-04-18T05:24:03Z,2026-04-18T15:15:00+10:00,NSW1,price,30m,30,lightgbm_residual_blend,0.9500000000000001,-3.05,3.4186302346281554,0.19769872289674817
2026-04-18T05:24:03Z,2026-04-18T15:15:00+10:00,NSW1,demand,5m,5,lightgbm_residual_blend,1.0,5341.44,30.52379902155549,5371.963799021555
2026-04-18T05:24:03Z,2026-04-18T15:15:00+10:00,NSW1,demand,15m,15,lightgbm_residual_blend,1.0,5341.44,124.19624283658015,5465.63624283658
2026-04-18T05:24:03Z,2026-04-18T15:15:00+10:00,NSW1,demand,30m,30,lightgbm_residual_blend,1.0,5341.44,292.1166115539034,5633.556611553903
2026-04-18T05:24:03Z,2026-04-18T15:15:00+10:00,NSW1,gen_wind,5m,5,lightgbm_residual_blend,1.0,239.7569,-3.21536284781753,236.54153715218249
2026-04-18T05:24:03Z,2026-04-18T15:15:00+10:00,NSW1,gen_wind,15m,15,lightgbm_residual_blend,0.9,239.7569,-3.732338616673539,236.39779524499383
2026-04-18T05:24:03Z,2026-04-18T15:15:00+10:00,NSW1,gen_wind,30m,30,lightgbm_residual_blend,0.8500000000000001,239.7569,-0.543579384146582,239.2948575234754
2026-04-18T05:24:03Z,2026-04-18T15:15:00+10:00,NSW1,gen_coal_black,5m,5,lightgbm_residual_blend,1.0,2890.3468,33.28233877480935,2923.6291387748092
2026-04-18T05:24:03Z,2026-04-18T15:15:00+10:00,NSW1,gen_coal_black,15m,15,lightgbm_residual_blend,1.0,2890.3468,109.61797791581118,2999.964777915811
2026-04-18T05:24:03Z,2026-04-18T15:15:00+10:00,NSW1,gen_coal_black,30m,30,lightgbm_residual_blend,1.0,2890.3468,219.20691416518693,3109.5537141651866
2026-04-18T05:24:03Z,2026-04-18T15:15:00+10:00,NSW1,gen_coal_brown,5m,5,lightgbm_residual_blend,0.0,0.0,0.0,0.0
2026-04-18T05:24:03Z,2026-04-18T15:15:00+10:00,NSW1,gen_coal_brown,15m,15,lightgbm_residual_blend,0.0,0.0,0.0,0.0
2026-04-18T05:24:03Z,2026-04-18T15:15:00+10:00,NSW1,gen_coal_brown,30m,30,lightgbm_residual_blend,0.0,0.0,0.0,0.0
2026-04-18T05:24:03Z,2026-04-18T15:15:00+10:00,NSW1,gen_solar_utility,5m,5,lightgbm_residual_blend,1.0,2741.5012,-2.9679767034216136,2738.5332232965784
2026-04-18T05:24:03Z,2026-04-18T15:15:00+10:00,NSW1,gen_solar_utility,15m,15,lightgbm_residual_blend,1.0,2741.5012,-13.530255236556282,2727.970944763444
2026-04-18T05:24:03Z,2026-04-18T15:15:00+10:00,NSW1,gen_solar_utility,30m,30,lightgbm_residual_blend,1.0,2741.5012,-48.45151643037366,2693.0496835696267
2026-04-18T05:24:03Z,2026-04-18T15:15:00+10:00,NSW1,gen_hydro,5m,5,lightgbm_residual_blend,1.0,18.9172,-0.3007076950119711,18.61649230498803
2026-04-18T05:24:03Z,2026-04-18T15:15:00+10:00,NSW1,gen_hydro,15m,15,lightgbm_residual_blend,0.8,18.9172,1.8922109584744538,20.430968766779564
2026-04-18T05:24:03Z,2026-04-18T15:15:00+10:00,NSW1,gen_hydro,30m,30,lightgbm_residual_blend,0.65,18.9172,8.138485767057906,24.20721574858764
2026-04-18T05:24:03Z,2026-04-18T15:15:00+10:00,NSW1,gen_battery_discharging,5m,5,lightgbm_residual_blend,0.6000000000000001,4.4984,0.3166577284003143,4.688394637040189
2026-04-18T05:24:03Z,2026-04-18T15:15:00+10:00,NSW1,gen_battery_discharging,15m,15,lightgbm_residual_blend,1.0,4.4984,3.2972309580809327,7.795630958080933
2026-04-18T05:24:03Z,2026-04-18T15:15:00+10:00,NSW1,gen_battery_discharging,30m,30,lightgbm_residual_blend,1.0,4.4984,12.068347534904156,16.566747534904156
2026-04-18T05:24:03Z,2026-04-18T15:15:00+10:00,NSW1,renewables_pct,5m,5,lightgbm_residual_blend,1.0,50.73610614560691,2.076612138941245,52.812718284548154
2026-04-18T05:24:03Z,2026-04-18T15:15:00+10:00,NSW1,renewables_pct,15m,15,lightgbm_residual_blend,1.0,50.73610614560691,3.75563783893534,54.49174398454225
2026-04-18T05:24:03Z,2026-04-18T15:15:00+10:00,NSW1,renewables_pct,30m,30,lightgbm_residual_blend,1.0,50.73610614560691,1.3299733152769795,52.06607946088389
2026-04-18T05:24:03Z,2026-04-18T15:15:00+10:00,QLD1,price,5m,5,lightgbm_residual_blend,1.0,-3.15,0.17259517745921357,-2.9774048225407865
2026-04-18T05:24:03Z,2026-04-18T15:15:00+10:00,QLD1,price,15m,15,lightgbm_residual_blend,1.0,-3.15,1.5622816153578698,-1.58771838464213
2026-04-18T05:24:03Z,2026-04-18T15:15:00+10:00,QLD1,price,30m,30,lightgbm_residual_blend,1.0,-3.15,3.6506885049966993,0.5006885049966994
2026-04-18T05:24:03Z,2026-04-18T15:15:00+10:00,QLD1,demand,5m,5,lightgbm_residual_blend,1.0,5730.7,-7.016204905982007,5723.683795094018
2026-04-18T05:24:03Z,2026-04-18T15:15:00+10:00,QLD1,demand,15m,15,lightgbm_residual_blend,1.0,5730.7,59.445302229047606,5790.145302229047
2026-04-18T05:24:03Z,2026-04-18T15:15:00+10:00,QLD1,demand,30m,30,lightgbm_residual_blend,1.0,5730.7,145.76091551786533,5876.460915517865
2026-04-18T05:24:03Z,2026-04-18T15:15:00+10:00,QLD1,gen_wind,5m,5,lightgbm_residual_blend,1.0,178.8678,-1.0744969535321411,177.79330304646786
2026-04-18T05:24:03Z,2026-04-18T15:15:00+10:00,QLD1,gen_wind,15m,15,lightgbm_residual_blend,0.9500000000000001,178.8678,-6.501587907633271,172.69129148774837
2026-04-18T05:24:03Z,2026-04-18T15:15:00+10:00,QLD1,gen_wind,30m,30,lightgbm_residual_blend,0.9,178.8678,-5.99083015368691,173.47605286168178
2026-04-18T05:24:03Z,2026-04-18T15:15:00+10:00,QLD1,gen_coal_black,5m,5,lightgbm_residual_blend,0.9,3666.1898,9.974351911440012,3675.1667167202963
2026-04-18T05:24:03Z,2026-04-18T15:15:00+10:00,QLD1,gen_coal_black,15m,15,lightgbm_residual_blend,0.9500000000000001,3666.1898,49.36043432596576,3713.0822126096677
2026-04-18T05:24:03Z,2026-04-18T15:15:00+10:00,QLD1,gen_coal_black,30m,30,lightgbm_residual_blend,0.9500000000000001,3666.1898,109.21358605914055,3769.9427067561837
2026-04-18T05:24:03Z,2026-04-18T15:15:00+10:00,QLD1,gen_coal_brown,5m,5,lightgbm_residual_blend,0.0,0.0,0.0,0.0
2026-04-18T05:24:03Z,2026-04-18T15:15:00+10:00,QLD1,gen_coal_brown,15m,15,lightgbm_residual_blend,0.0,0.0,0.0,0.0
2026-04-18T05:24:03Z,2026-04-18T15:15:00+10:00,QLD1,gen_coal_brown,30m,30,lightgbm_residual_blend,0.0,0.0,0.0,0.0
2026-04-18T05:24:03Z,2026-04-18T15:15:00+10:00,QLD1,gen_solar_utility,5m,5,lightgbm_residual_blend,1.0,2150.0522,-18.088033480146326,2131.9641665198537
2026-04-18T05:24:03Z,2026-04-18T15:15:00+10:00,QLD1,gen_solar_utility,15m,15,lightgbm_residual_blend,1.0,2150.0522,-14.801631171515522,2135.2505688284846
2026-04-18T05:24:03Z,2026-04-18T15:15:00+10:00,QLD1,gen_solar_utility,30m,30,lightgbm_residual_blend,1.0,2150.0522,-47.99880242770433,2102.0533975722956
2026-04-18T05:24:03Z,2026-04-18T15:15:00+10:00,QLD1,gen_hydro,5m,5,lightgbm_residual_blend,0.8500000000000001,89.88,0.0859853817406182,89.95308757447953
2026-04-18T05:24:03Z,2026-04-18T15:15:00+10:00,QLD1,gen_hydro,15m,15,lightgbm_residual_blend,0.8,89.88,6.620860393875678,95.17668831510053
2026-04-18T05:24:03Z,2026-04-18T15:15:00+10:00,QLD1,gen_hydro,30m,30,lightgbm_residual_blend,0.8,89.88,6.733337043194367,95.26666963455548
2026-04-18T05:24:03Z,2026-04-18T15:15:00+10:00,QLD1,gen_battery_discharging,5m,5,lightgbm_residual_blend,0.9500000000000001,2.2807,1.673461342956677,3.8704882758088432
2026-04-18T05:24:03Z,2026-04-18T15:15:00+10:00,QLD1,gen_battery_discharging,15m,15,lightgbm_residual_blend,1.0,2.2807,2.639420554106523,4.920120554106523
2026-04-18T05:24:03Z,2026-04-18T15:15:00+10:00,QLD1,gen_battery_discharging,30m,30,lightgbm_residual_blend,1.0,2.2807,9.975002919574441,12.255702919574441
2026-04-18T05:24:03Z,2026-04-18T15:15:00+10:00,QLD1,renewables_pct,5m,5,lightgbm_residual_blend,1.0,38.47068393190344,2.855413827785973,41.32609775968941
2026-04-18T05:24:03Z,2026-04-18T15:15:00+10:00,QLD1,renewables_pct,15m,15,lightgbm_residual_blend,1.0,38.47068393190344,6.4370253566237094,44.907709288527144
2026-04-18T05:24:03Z,2026-04-18T15:15:00+10:00,QLD1,renewables_pct,30m,30,lightgbm_residual_blend,1.0,38.47068393190344,5.3395041764952635,43.8101881083987
2026-04-18T05:24:03Z,2026-04-18T15:15:00+10:00,SA1,price,5m,5,lightgbm_residual_blend,1.0,-2.58,0.3460642241348979,-2.233935775865102
2026-04-18T05:24:03Z,2026-04-18T15:15:00+10:00,SA1,price,15m,15,lightgbm_residual_blend,1.0,-2.58,1.0389046551246972,-1.5410953448753029
2026-04-18T05:24:03Z,2026-04-18T15:15:00+10:00,SA1,price,30m,30,lightgbm_residual_blend,1.0,-2.58,1.606180510524451,-0.973819489475549
2026-04-18T05:24:03Z,2026-04-18T15:15:00+10:00,SA1,demand,5m,5,lightgbm_residual_blend,1.0,368.52,-2.0667677615973736,366.4532322384026
2026-04-18T05:24:03Z,2026-04-18T15:15:00+10:00,SA1,demand,15m,15,lightgbm_residual_blend,1.0,368.52,-0.7109815832268527,367.80901841677314
2026-04-18T05:24:03Z,2026-04-18T15:15:00+10:00,SA1,demand,30m,30,lightgbm_residual_blend,1.0,368.52,3.5194537079602073,372.0394537079602
2026-04-18T05:24:03Z,2026-04-18T15:15:00+10:00,SA1,gen_wind,5m,5,lightgbm_residual_blend,1.0,113.3276,6.6049142773725995,119.9325142773726
2026-04-18T05:24:03Z,2026-04-18T15:15:00+10:00,SA1,gen_wind,15m,15,lightgbm_residual_blend,1.0,113.3276,8.685827205464223,122.01342720546423
2026-04-18T05:24:03Z,2026-04-18T15:15:00+10:00,SA1,gen_wind,30m,30,lightgbm_residual_blend,1.0,113.3276,13.02833411716169,126.3559341171617
2026-04-18T05:24:03Z,2026-04-18T15:15:00+10:00,SA1,gen_coal_black,5m,5,lightgbm_residual_blend,0.0,0.0,0.0,0.0
2026-04-18T05:24:03Z,2026-04-18T15:15:00+10:00,SA1,gen_coal_black,15m,15,lightgbm_residual_blend,0.0,0.0,0.0,0.0
2026-04-18T05:24:03Z,2026-04-18T15:15:00+10:00,SA1,gen_coal_black,30m,30,lightgbm_residual_blend,0.0,0.0,0.0,0.0
2026-04-18T05:24:03Z,2026-04-18T15:15:00+10:00,SA1,gen_coal_brown,5m,5,lightgbm_residual_blend,0.0,0.0,0.0,0.0
2026-04-18T05:24:03Z,2026-04-18T15:15:00+10:00,SA1,gen_coal_brown,15m,15,lightgbm_residual_blend,0.0,0.0,0.0,0.0
2026-04-18T05:24:03Z,2026-04-18T15:15:00+10:00,SA1,gen_coal_brown,30m,30,lightgbm_residual_blend,0.0,0.0,0.0,0.0
2026-04-18T05:24:03Z,2026-04-18T15:15:00+10:00,SA1,gen_solar_utility,5m,5,lightgbm_residual_blend,0.65,271.5815,-1.784164772173808,270.421792898087
2026-04-18T05:24:03Z,2026-04-18T15:15:00+10:00,SA1,gen_solar_utility,15m,15,lightgbm_residual_blend,0.75,271.5815,-1.0998378388626369,270.756621620853
2026-04-18T05:24:03Z,2026-04-18T15:15:00+10:00,SA1,gen_solar_utility,30m,30,lightgbm_residual_blend,0.7000000000000001,271.5815,-7.665681617338295,266.21552286786317
2026-04-18T05:24:03Z,2026-04-18T15:15:00+10:00,SA1,gen_hydro,5m,5,lightgbm_residual_blend,0.0,0.0,0.0,0.0
2026-04-18T05:24:03Z,2026-04-18T15:15:00+10:00,SA1,gen_hydro,15m,15,lightgbm_residual_blend,0.0,0.0,0.0,0.0
2026-04-18T05:24:03Z,2026-04-18T15:15:00+10:00,SA1,gen_hydro,30m,30,lightgbm_residual_blend,0.0,0.0,0.0,0.0
2026-04-18T05:24:03Z,2026-04-18T15:15:00+10:00,SA1,gen_battery_discharging,5m,5,lightgbm_residual_blend,1.0,32.983,-1.6428427440389377,31.34015725596106
2026-04-18T05:24:03Z,2026-04-18T15:15:00+10:00,SA1,gen_battery_discharging,15m,15,lightgbm_residual_blend,0.9500000000000001,32.983,-5.9838724320950964,27.298321189509654
2026-04-18T05:24:03Z,2026-04-18T15:15:00+10:00,SA1,gen_battery_discharging,30m,30,lightgbm_residual_blend,0.8500000000000001,32.983,-3.4878176543029835,30.01835499384246
2026-04-18T05:24:03Z,2026-04-18T15:15:00+10:00,SA1,renewables_pct,5m,5,lightgbm_residual_blend,1.0,83.077760186015,4.6569875252240065,87.73474771123901
2026-04-18T05:24:03Z,2026-04-18T15:15:00+10:00,SA1,renewables_pct,15m,15,lightgbm_residual_blend,0.9500000000000001,83.077760186015,15.896090120225164,98.1790458002289
2026-04-18T05:24:03Z,2026-04-18T15:15:00+10:00,SA1,renewables_pct,30m,30,lightgbm_residual_blend,0.9,83.077760186015,14.276318685913015,95.9264470033367
2026-04-18T05:24:03Z,2026-04-18T15:15:00+10:00,TAS1,price,5m,5,lightgbm_residual_blend,1.0,72.18,1.0088274654133813,73.18882746541338
2026-04-18T05:24:03Z,2026-04-18T15:15:00+10:00,TAS1,price,15m,15,lightgbm_residual_blend,1.0,72.18,1.8905858910443223,74.07058589104433
2026-04-18T05:24:03Z,2026-04-18T15:15:00+10:00,TAS1,price,30m,30,lightgbm_residual_blend,1.0,72.18,1.5233194126170102,73.70331941261702
2026-04-18T05:24:03Z,2026-04-18T15:15:00+10:00,TAS1,demand,5m,5,lightgbm_residual_blend,1.0,979.35,-0.8724745957821506,978.4775254042179
2026-04-18T05:24:03Z,2026-04-18T15:15:00+10:00,TAS1,demand,15m,15,lightgbm_residual_blend,1.0,979.35,0.5057033122502721,979.8557033122503
2026-04-18T05:24:03Z,2026-04-18T15:15:00+10:00,TAS1,demand,30m,30,lightgbm_residual_blend,1.0,979.35,1.4513233065614621,980.8013233065615
2026-04-18T05:24:03Z,2026-04-18T15:15:00+10:00,TAS1,gen_wind,5m,5,lightgbm_residual_blend,0.5,125.48,0.6340492289114784,125.79702461445574
2026-04-18T05:24:03Z,2026-04-18T15:15:00+10:00,TAS1,gen_wind,15m,15,lightgbm_residual_blend,0.8500000000000001,125.48,0.6888575346834185,126.06552890448091
2026-04-18T05:24:03Z,2026-04-18T15:15:00+10:00,TAS1,gen_wind,30m,30,lightgbm_residual_blend,0.8500000000000001,125.48,3.4925962035079388,128.44870677298175
2026-04-18T05:24:03Z,2026-04-18T15:15:00+10:00,TAS1,gen_coal_black,5m,5,lightgbm_residual_blend,0.0,0.0,0.0,0.0
2026-04-18T05:24:03Z,2026-04-18T15:15:00+10:00,TAS1,gen_coal_black,15m,15,lightgbm_residual_blend,0.0,0.0,0.0,0.0
2026-04-18T05:24:03Z,2026-04-18T15:15:00+10:00,TAS1,gen_coal_black,30m,30,lightgbm_residual_blend,0.0,0.0,0.0,0.0
2026-04-18T05:24:03Z,2026-04-18T15:15:00+10:00,TAS1,gen_coal_brown,5m,5,lightgbm_residual_blend,0.0,0.0,0.0,0.0
2026-04-18T05:24:03Z,2026-04-18T15:15:00+10:00,TAS1,gen_coal_brown,15m,15,lightgbm_residual_blend,0.0,0.0,0.0,0.0
2026-04-18T05:24:03Z,2026-04-18T15:15:00+10:00,TAS1,gen_coal_brown,30m,30,lightgbm_residual_blend,0.0,0.0,0.0,0.0
2026-04-18T05:24:03Z,2026-04-18T15:15:00+10:00,TAS1,gen_solar_utility,5m,5,lightgbm_residual_blend,0.0,0.0,0.0,0.0
2026-04-18T05:24:03Z,2026-04-18T15:15:00+10:00,TAS1,gen_solar_utility,15m,15,lightgbm_residual_blend,0.0,0.0,0.0,0.0
2026-04-18T05:24:03Z,2026-04-18T15:15:00+10:00,TAS1,gen_solar_utility,30m,30,lightgbm_residual_blend,0.0,0.0,0.0,0.0
2026-04-18T05:24:03Z,2026-04-18T15:15:00+10:00,TAS1,gen_hydro,5m,5,lightgbm_residual_blend,0.9500000000000001,741.6602,-12.677864182096087,729.6162290270088
2026-04-18T05:24:03Z,2026-04-18T15:15:00+10:00,TAS1,gen_hydro,15m,15,lightgbm_residual_blend,1.0,741.6602,-4.682977194381324,736.9772228056187
2026-04-18T05:24:03Z,2026-04-18T15:15:00+10:00,TAS1,gen_hydro,30m,30,lightgbm_residual_blend,1.0,741.6602,-1.5564626058828137,740.1037373941173
2026-04-18T05:24:03Z,2026-04-18T15:15:00+10:00,TAS1,gen_battery_discharging,5m,5,lightgbm_residual_blend,0.0,0.0,0.0,0.0
2026-04-18T05:24:03Z,2026-04-18T15:15:00+10:00,TAS1,gen_battery_discharging,15m,15,lightgbm_residual_blend,0.0,0.0,0.0,0.0
2026-04-18T05:24:03Z,2026-04-18T15:15:00+10:00,TAS1,gen_battery_discharging,30m,30,lightgbm_residual_blend,0.0,0.0,0.0,0.0
2026-04-18T05:24:03Z,2026-04-18T15:15:00+10:00,TAS1,renewables_pct,5m,5,lightgbm_residual_blend,0.15000000000000002,100.0,-0.0004901622812912142,99.9999264756578
2026-04-18T05:24:03Z,2026-04-18T15:15:00+10:00,TAS1,renewables_pct,15m,15,lightgbm_residual_blend,0.15000000000000002,100.0,-0.0007075677223610562,99.99989386484165
2026-04-18T05:24:03Z,2026-04-18T15:15:00+10:00,TAS1,renewables_pct,30m,30,lightgbm_residual_blend,0.1,100.0,-0.0012774199435728573,99.99987225800564
2026-04-18T05:24:03Z,2026-04-18T15:15:00+10:00,VIC1,price,5m,5,lightgbm_residual_blend,1.0,-2.73,0.05373376546500482,-2.676266234534995
2026-04-18T05:24:03Z,2026-04-18T15:15:00+10:00,VIC1,price,15m,15,lightgbm_residual_blend,1.0,-2.73,0.6669720826621047,-2.0630279173378954
2026-04-18T05:24:03Z,2026-04-18T15:15:00+10:00,VIC1,price,30m,30,lightgbm_residual_blend,1.0,-2.73,1.2731138465389027,-1.4568861534610973
2026-04-18T05:24:03Z,2026-04-18T15:15:00+10:00,VIC1,demand,5m,5,lightgbm_residual_blend,1.0,3392.57,2.3838368476705,3394.9538368476706
2026-04-18T05:24:03Z,2026-04-18T15:15:00+10:00,VIC1,demand,15m,15,lightgbm_residual_blend,1.0,3392.57,34.24003447229852,3426.810034472299
2026-04-18T05:24:03Z,2026-04-18T15:15:00+10:00,VIC1,demand,30m,30,lightgbm_residual_blend,1.0,3392.57,74.27006688027073,3466.840066880271
2026-04-18T05:24:03Z,2026-04-18T15:15:00+10:00,VIC1,gen_wind,5m,5,lightgbm_residual_blend,1.0,92.5398,2.900874152316021,95.44067415231602
2026-04-18T05:24:03Z,2026-04-18T15:15:00+10:00,VIC1,gen_wind,15m,15,lightgbm_residual_blend,1.0,92.5398,10.5313720756687,103.0711720756687
2026-04-18T05:24:03Z,2026-04-18T15:15:00+10:00,VIC1,gen_wind,30m,30,lightgbm_residual_blend,1.0,92.5398,44.81933856763649,137.35913856763648
2026-04-18T05:24:03Z,2026-04-18T15:15:00+10:00,VIC1,gen_coal_black,5m,5,lightgbm_residual_blend,0.0,0.0,0.0,0.0
2026-04-18T05:24:03Z,2026-04-18T15:15:00+10:00,VIC1,gen_coal_black,15m,15,lightgbm_residual_blend,0.0,0.0,0.0,0.0
2026-04-18T05:24:03Z,2026-04-18T15:15:00+10:00,VIC1,gen_coal_black,30m,30,lightgbm_residual_blend,0.0,0.0,0.0,0.0
2026-04-18T05:24:03Z,2026-04-18T15:15:00+10:00,VIC1,gen_coal_brown,5m,5,lightgbm_residual_blend,1.0,2814.9063,-1.6673033317848616,2813.2389966682153
2026-04-18T05:24:03Z,2026-04-18T15:15:00+10:00,VIC1,gen_coal_brown,15m,15,lightgbm_residual_blend,1.0,2814.9063,11.209111295746336,2826.1154112957465
2026-04-18T05:24:03Z,2026-04-18T15:15:00+10:00,VIC1,gen_coal_brown,30m,30,lightgbm_residual_blend,1.0,2814.9063,34.36784969783916,2849.274149697839
2026-04-18T05:24:03Z,2026-04-18T15:15:00+10:00,VIC1,gen_solar_utility,5m,5,lightgbm_residual_blend,0.9,1089.9818,-1.1578825036827571,1088.9397057466856
2026-04-18T05:24:03Z,2026-04-18T15:15:00+10:00,VIC1,gen_solar_utility,15m,15,lightgbm_residual_blend,0.8500000000000001,1089.9818,8.297999368218985,1097.0350994629862
2026-04-18T05:24:03Z,2026-04-18T15:15:00+10:00,VIC1,gen_solar_utility,30m,30,lightgbm_residual_blend,0.8500000000000001,1089.9818,12.733125485088987,1100.8049566623256
2026-04-18T05:24:03Z,2026-04-18T15:15:00+10:00,VIC1,gen_hydro,5m,5,lightgbm_residual_blend,0.7000000000000001,0.32,-2.493382423179863,-1.4253676962259043
2026-04-18T05:24:03Z,2026-04-18T15:15:00+10:00,VIC1,gen_hydro,15m,15,lightgbm_residual_blend,0.9500000000000001,0.32,-7.414315635497185,-6.723599853722326
2026-04-18T05:24:03Z,2026-04-18T15:15:00+10:00,VIC1,gen_hydro,30m,30,lightgbm_residual_blend,1.0,0.32,-16.421745017681882,-16.101745017681882
2026-04-18T05:24:03Z,2026-04-18T15:15:00+10:00,VIC1,gen_battery_discharging,5m,5,lightgbm_residual_blend,1.0,8.5739,-0.08060653159874431,8.493293468401255
2026-04-18T05:24:03Z,2026-04-18T15:15:00+10:00,VIC1,gen_battery_discharging,15m,15,lightgbm_residual_blend,1.0,8.5739,1.2160481213445162,9.789948121344516
2026-04-18T05:24:03Z,2026-04-18T15:15:00+10:00,VIC1,gen_battery_discharging,30m,30,lightgbm_residual_blend,1.0,8.5739,6.631376967111781,15.205276967111782
2026-04-18T05:24:03Z,2026-04-18T15:15:00+10:00,VIC1,renewables_pct,5m,5,lightgbm_residual_blend,1.0,29.738387465530103,4.8177556518626,34.5561431173927
2026-04-18T05:24:03Z,2026-04-18T15:15:00+10:00,VIC1,renewables_pct,15m,15,lightgbm_residual_blend,1.0,29.738387465530103,15.581967591952086,45.32035505748219
2026-04-18T05:24:03Z,2026-04-18T15:15:00+10:00,VIC1,renewables_pct,30m,30,lightgbm_residual_blend,1.0,29.738387465530103,17.071559416803154,46.80994688233326
2026-04-18T05:27:47Z,2026-04-18T15:20:00+10:00,NSW1,price,5m,5,lightgbm_residual_blend,1.0,-2.93,0.2643280786199425,-2.6656719213800577
2026-04-18T05:27:47Z,2026-04-18T15:20:00+10:00,NSW1,price,15m,15,lightgbm_residual_blend,1.0,-2.93,1.282165346504782,-1.6478346534952182
2026-04-18T05:27:47Z,2026-04-18T15:20:00+10:00,NSW1,price,30m,30,lightgbm_residual_blend,0.9500000000000001,-2.93,3.548107729899355,0.4407023434043875
2026-04-18T05:27:47Z,2026-04-18T15:20:00+10:00,NSW1,demand,5m,5,lightgbm_residual_blend,1.0,5436.34,29.761174222874445,5466.101174222875
2026-04-18T05:27:47Z,2026-04-18T15:20:00+10:00,NSW1,demand,15m,15,lightgbm_residual_blend,1.0,5436.34,101.2683194528144,5537.608319452815
2026-04-18T05:27:47Z,2026-04-18T15:20:00+10:00,NSW1,demand,30m,30,lightgbm_residual_blend,1.0,5436.34,275.20627447127674,5711.546274471277
2026-04-18T05:27:47Z,2026-04-18T15:20:00+10:00,NSW1,gen_wind,5m,5,lightgbm_residual_blend,1.0,254.4763,-2.497845340071791,251.97845465992822
2026-04-18T05:27:47Z,2026-04-18T15:20:00+10:00,NSW1,gen_wind,15m,15,lightgbm_residual_blend,0.9,254.4763,0.7477099045835518,255.1492389141252
2026-04-18T05:27:47Z,2026-04-18T15:20:00+10:00,NSW1,gen_wind,30m,30,lightgbm_residual_blend,0.8500000000000001,254.4763,10.40813838489534,263.32321762716106
2026-04-18T05:27:47Z,2026-04-18T15:20:00+10:00,NSW1,gen_coal_black,5m,5,lightgbm_residual_blend,1.0,3070.574,33.312953440694905,3103.886953440695
2026-04-18T05:27:47Z,2026-04-18T15:20:00+10:00,NSW1,gen_coal_black,15m,15,lightgbm_residual_blend,1.0,3070.574,110.07141734538284,3180.645417345383
2026-04-18T05:27:47Z,2026-04-18T15:20:00+10:00,NSW1,gen_coal_black,30m,30,lightgbm_residual_blend,1.0,3070.574,220.02358082044884,3290.597580820449
2026-04-18T05:27:47Z,2026-04-18T15:20:00+10:00,NSW1,gen_coal_brown,5m,5,lightgbm_residual_blend,0.0,0.0,0.0,0.0
2026-04-18T05:27:47Z,2026-04-18T15:20:00+10:00,NSW1,gen_coal_brown,15m,15,lightgbm_residual_blend,0.0,0.0,0.0,0.0
2026-04-18T05:27:47Z,2026-04-18T15:20:00+10:00,NSW1,gen_coal_brown,30m,30,lightgbm_residual_blend,0.0,0.0,0.0,0.0
2026-04-18T05:27:47Z,2026-04-18T15:20:00+10:00,NSW1,gen_solar_utility,5m,5,lightgbm_residual_blend,1.0,2708.3809,-2.9679767034216136,2705.4129232965784
2026-04-18T05:27:47Z,2026-04-18T15:20:00+10:00,NSW1,gen_solar_utility,15m,15,lightgbm_residual_blend,1.0,2708.3809,-20.535223448919435,2687.8456765510805
2026-04-18T05:27:47Z,2026-04-18T15:20:00+10:00,NSW1,gen_solar_utility,30m,30,lightgbm_residual_blend,1.0,2708.3809,-57.56980432638411,2650.811095673616
2026-04-18T05:27:47Z,2026-04-18T15:20:00+10:00,NSW1,gen_hydro,5m,5,lightgbm_residual_blend,1.0,19.1818,0.8152660974815722,19.99706609748157
2026-04-18T05:27:47Z,2026-04-18T15:20:00+10:00,NSW1,gen_hydro,15m,15,lightgbm_residual_blend,0.8,19.1818,1.8922109584744538,20.695568766779562
2026-04-18T05:27:47Z,2026-04-18T15:20:00+10:00,NSW1,gen_hydro,30m,30,lightgbm_residual_blend,0.65,19.1818,8.138485767057906,24.471815748587638
2026-04-18T05:27:47Z,2026-04-18T15:20:00+10:00,NSW1,gen_battery_discharging,5m,5,lightgbm_residual_blend,0.6000000000000001,0.0576,0.07119014235838048,0.10031408541502829
2026-04-18T05:27:47Z,2026-04-18T15:20:00+10:00,NSW1,gen_battery_discharging,15m,15,lightgbm_residual_blend,1.0,0.0576,3.767455295558327,3.825055295558327
2026-04-18T05:27:47Z,2026-04-18T15:20:00+10:00,NSW1,gen_battery_discharging,30m,30,lightgbm_residual_blend,1.0,0.0576,11.887660860805585,11.945260860805586
2026-04-18T05:27:47Z,2026-04-18T15:20:00+10:00,NSW1,renewables_pct,5m,5,lightgbm_residual_blend,1.0,49.05875262273726,1.9719763368756418,51.0307289596129
2026-04-18T05:27:47Z,2026-04-18T15:20:00+10:00,NSW1,renewables_pct,15m,15,lightgbm_residual_blend,1.0,49.05875262273726,3.594701222407615,52.653453845144874
2026-04-18T05:27:47Z,2026-04-18T15:20:00+10:00,NSW1,renewables_pct,30m,30,lightgbm_residual_blend,1.0,49.05875262273726,1.370540360219663,50.42929298295692
2026-04-18T05:27:47Z,2026-04-18T15:20:00+10:00,QLD1,price,5m,5,lightgbm_residual_blend,1.0,-3.02,0.18075166162539866,-2.839248338374601
2026-04-18T05:27:47Z,2026-04-18T15:20:00+10:00,QLD1,price,15m,15,lightgbm_residual_blend,1.0,-3.02,1.6024521580107691,-1.417547841989231
2026-04-18T05:27:47Z,2026-04-18T15:20:00+10:00,QLD1,price,30m,30,lightgbm_residual_blend,1.0,-3.02,3.7595955764787226,0.7395955764787225
2026-04-18T05:27:47Z,2026-04-18T15:20:00+10:00,QLD1,demand,5m,5,lightgbm_residual_blend,1.0,5831.01,-8.0257513886085,5822.984248611392
2026-04-18T05:27:47Z,2026-04-18T15:20:00+10:00,QLD1,demand,15m,15,lightgbm_residual_blend,1.0,5831.01,59.445302229047606,5890.455302229047
2026-04-18T05:27:47Z,2026-04-18T15:20:00+10:00,QLD1,demand,30m,30,lightgbm_residual_blend,1.0,5831.01,147.6187537453522,5978.628753745353
2026-04-18T05:27:47Z,2026-04-18T15:20:00+10:00,QLD1,gen_wind,5m,5,lightgbm_residual_blend,1.0,168.67,-0.9320741739558314,167.73792582604415
2026-04-18T05:27:47Z,2026-04-18T15:20:00+10:00,QLD1,gen_wind,15m,15,lightgbm_residual_blend,0.9500000000000001,168.67,-2.9796229565491545,165.83935819127828
2026-04-18T05:27:47Z,2026-04-18T15:20:00+10:00,QLD1,gen_wind,30m,30,lightgbm_residual_blend,0.9,168.67,-6.92864892050438,162.43421597154605
2026-04-18T05:27:47Z,2026-04-18T15:20:00+10:00,QLD1,gen_coal_black,5m,5,lightgbm_residual_blend,0.9,3651.4305,6.712727710337015,3657.471954939303
2026-04-18T05:27:47Z,2026-04-18T15:20:00+10:00,QLD1,gen_coal_black,15m,15,lightgbm_residual_blend,0.9500000000000001,3651.4305,51.48166907239341,3700.3380856187737
2026-04-18T05:27:47Z,2026-04-18T15:20:00+10:00,QLD1,gen_coal_black,30m,30,lightgbm_residual_blend,0.9500000000000001,3651.4305,113.45446462728344,3759.212241395919
2026-04-18T05:27:47Z,2026-04-18T15:20:00+10:00,QLD1,gen_coal_brown,5m,5,lightgbm_residual_blend,0.0,0.0,0.0,0.0
2026-04-18T05:27:47Z,2026-04-18T15:20:00+10:00,QLD1,gen_coal_brown,15m,15,lightgbm_residual_blend,0.0,0.0,0.0,0.0
2026-04-18T05:27:47Z,2026-04-18T15:20:00+10:00,QLD1,gen_coal_brown,30m,30,lightgbm_residual_blend,0.0,0.0,0.0,0.0
2026-04-18T05:27:47Z,2026-04-18T15:20:00+10:00,QLD1,gen_solar_utility,5m,5,lightgbm_residual_blend,1.0,2167.5465,-2.715746672536066,2164.8307533274638
2026-04-18T05:27:47Z,2026-04-18T15:20:00+10:00,QLD1,gen_solar_utility,15m,15,lightgbm_residual_blend,1.0,2167.5465,-8.847713581522525,2158.6987864184775
2026-04-18T05:27:47Z,2026-04-18T15:20:00+10:00,QLD1,gen_solar_utility,30m,30,lightgbm_residual_blend,1.0,2167.5465,-41.71948143098051,2125.8270185690194
2026-04-18T05:27:47Z,2026-04-18T15:20:00+10:00,QLD1,gen_hydro,5m,5,lightgbm_residual_blend,0.8500000000000001,97.59,0.7955804554896415,98.2662433871662
2026-04-18T05:27:47Z,2026-04-18T15:20:00+10:00,QLD1,gen_hydro,15m,15,lightgbm_residual_blend,0.8,97.59,6.460560447787724,102.75844835823018
2026-04-18T05:27:47Z,2026-04-18T15:20:00+10:00,QLD1,gen_hydro,30m,30,lightgbm_residual_blend,0.8,97.59,7.213701909382907,103.36096152750633
2026-04-18T05:27:47Z,2026-04-18T15:20:00+10:00,QLD1,gen_battery_discharging,5m,5,lightgbm_residual_blend,0.9500000000000001,0.2164,-0.08734468936462808,0.13342254510360332
2026-04-18T05:27:47Z,2026-04-18T15:20:00+10:00,QLD1,gen_battery_discharging,15m,15,lightgbm_residual_blend,1.0,0.2164,3.9114484654035655,4.127848465403566
2026-04-18T05:27:47Z,2026-04-18T15:20:00+10:00,QLD1,gen_battery_discharging,30m,30,lightgbm_residual_blend,1.0,0.2164,9.570186935070494,9.786586935070494
2026-04-18T05:27:47Z,2026-04-18T15:20:00+10:00,QLD1,renewables_pct,5m,5,lightgbm_residual_blend,1.0,38.69984474557366,2.819176478887014,41.51902122446067
2026-04-18T05:27:47Z,2026-04-18T15:20:00+10:00,QLD1,renewables_pct,15m,15,lightgbm_residual_blend,1.0,38.69984474557366,6.349274289153699,45.049119034727354
2026-04-18T05:27:47Z,2026-04-18T15:20:00+10:00,QLD1,renewables_pct,30m,30,lightgbm_residual_blend,1.0,38.69984474557366,5.3395041764952635,44.03934892206892
2026-04-18T05:27:47Z,2026-04-18T15:20:00+10:00,SA1,price,5m,5,lightgbm_residual_blend,1.0,-2.61,0.45720937229564784,-2.152790627704352
2026-04-18T05:27:47Z,2026-04-18T15:20:00+10:00,SA1,price,15m,15,lightgbm_residual_blend,1.0,-2.61,1.0095066722794244,-1.6004933277205755
2026-04-18T05:27:47Z,2026-04-18T15:20:00+10:00,SA1,price,30m,30,lightgbm_residual_blend,1.0,-2.61,1.7586684039766083,-0.8513315960233916
2026-04-18T05:27:47Z,2026-04-18T15:20:00+10:00,SA1,demand,5m,5,lightgbm_residual_blend,1.0,393.05,-1.4154369904720563,391.63456300952794
2026-04-18T05:27:47Z,2026-04-18T15:20:00+10:00,SA1,demand,15m,15,lightgbm_residual_blend,1.0,393.05,-1.508635068274456,391.5413649317256
2026-04-18T05:27:47Z,2026-04-18T15:20:00+10:00,SA1,demand,30m,30,lightgbm_residual_blend,1.0,393.05,4.808293202666996,397.858293202667
2026-04-18T05:27:47Z,2026-04-18T15:20:00+10:00,SA1,gen_wind,5m,5,lightgbm_residual_blend,1.0,111.9759,2.985755437313459,114.96165543731345
2026-04-18T05:27:47Z,2026-04-18T15:20:00+10:00,SA1,gen_wind,15m,15,lightgbm_residual_blend,1.0,111.9759,5.184184890729991,117.16008489072999
2026-04-18T05:27:47Z,2026-04-18T15:20:00+10:00,SA1,gen_wind,30m,30,lightgbm_residual_blend,1.0,111.9759,12.367360291722498,124.34326029172249
2026-04-18T05:27:47Z,2026-04-18T15:20:00+10:00,SA1,gen_coal_black,5m,5,lightgbm_residual_blend,0.0,0.0,0.0,0.0
2026-04-18T05:27:47Z,2026-04-18T15:20:00+10:00,SA1,gen_coal_black,15m,15,lightgbm_residual_blend,0.0,0.0,0.0,0.0
2026-04-18T05:27:47Z,2026-04-18T15:20:00+10:00,SA1,gen_coal_black,30m,30,lightgbm_residual_blend,0.0,0.0,0.0,0.0
2026-04-18T05:27:47Z,2026-04-18T15:20:00+10:00,SA1,gen_coal_brown,5m,5,lightgbm_residual_blend,0.0,0.0,0.0,0.0
2026-04-18T05:27:47Z,2026-04-18T15:20:00+10:00,SA1,gen_coal_brown,15m,15,lightgbm_residual_blend,0.0,0.0,0.0,0.0
2026-04-18T05:27:47Z,2026-04-18T15:20:00+10:00,SA1,gen_coal_brown,30m,30,lightgbm_residual_blend,0.0,0.0,0.0,0.0
2026-04-18T05:27:47Z,2026-04-18T15:20:00+10:00,SA1,gen_solar_utility,5m,5,lightgbm_residual_blend,0.65,268.3843,-0.6934648227940184,267.93354786518387
2026-04-18T05:27:47Z,2026-04-18T15:20:00+10:00,SA1,gen_solar_utility,15m,15,lightgbm_residual_blend,0.75,268.3843,-1.2721134042610642,267.4302149468042
2026-04-18T05:27:47Z,2026-04-18T15:20:00+10:00,SA1,gen_solar_utility,30m,30,lightgbm_residual_blend,0.7000000000000001,268.3843,-0.01591980908242794,268.3731561336423
2026-04-18T05:27:47Z,2026-04-18T15:20:00+10:00,SA1,gen_hydro,5m,5,lightgbm_residual_blend,0.0,0.0,0.0,0.0
2026-04-18T05:27:47Z,2026-04-18T15:20:00+10:00,SA1,gen_hydro,15m,15,lightgbm_residual_blend,0.0,0.0,0.0,0.0
2026-04-18T05:27:47Z,2026-04-18T15:20:00+10:00,SA1,gen_hydro,30m,30,lightgbm_residual_blend,0.0,0.0,0.0,0.0
2026-04-18T05:27:47Z,2026-04-18T15:20:00+10:00,SA1,gen_battery_discharging,5m,5,lightgbm_residual_blend,1.0,11.781,0.7676954953319479,12.548695495331948
2026-04-18T05:27:47Z,2026-04-18T15:20:00+10:00,SA1,gen_battery_discharging,15m,15,lightgbm_residual_blend,0.9500000000000001,11.781,-5.935695419161203,6.142089351796858
2026-04-18T05:27:47Z,2026-04-18T15:20:00+10:00,SA1,gen_battery_discharging,30m,30,lightgbm_residual_blend,0.8500000000000001,11.781,-3.344511283053346,8.938165409404656
2026-04-18T05:27:47Z,2026-04-18T15:20:00+10:00,SA1,renewables_pct,5m,5,lightgbm_residual_blend,1.0,83.1551266503371,4.74555151749656,87.90067816783366
2026-04-18T05:27:47Z,2026-04-18T15:20:00+10:00,SA1,renewables_pct,15m,15,lightgbm_residual_blend,0.9500000000000001,83.1551266503371,15.661557478497363,98.03360625490959
2026-04-18T05:27:47Z,2026-04-18T15:20:00+10:00,SA1,renewables_pct,30m,30,lightgbm_residual_blend,0.9,83.1551266503371,13.921267692483951,95.68426757357265
2026-04-18T05:27:47Z,2026-04-18T15:20:00+10:00,TAS1,price,5m,5,lightgbm_residual_blend,1.0,72.24,0.03609284553195453,72.27609284553195
2026-04-18T05:27:47Z,2026-04-18T15:20:00+10:00,TAS1,price,15m,15,lightgbm_residual_blend,1.0,72.24,0.32993607840229533,72.56993607840229
2026-04-18T05:27:47Z,2026-04-18T15:20:00+10:00,TAS1,price,30m,30,lightgbm_residual_blend,1.0,72.24,0.6999441892535927,72.9399441892536
2026-04-18T05:27:47Z,2026-04-18T15:20:00+10:00,TAS1,demand,5m,5,lightgbm_residual_blend,1.0,976.7,-0.3828468683726573,976.3171531316274
2026-04-18T05:27:47Z,2026-04-18T15:20:00+10:00,TAS1,demand,15m,15,lightgbm_residual_blend,1.0,976.7,-0.5314204070300675,976.16857959297
2026-04-18T05:27:47Z,2026-04-18T15:20:00+10:00,TAS1,demand,30m,30,lightgbm_residual_blend,1.0,976.7,1.1431425964520054,977.843142596452
2026-04-18T05:27:47Z,2026-04-18T15:20:00+10:00,TAS1,gen_wind,5m,5,lightgbm_residual_blend,0.5,132.3268,0.6480182815004064,132.6508091407502
2026-04-18T05:27:47Z,2026-04-18T15:20:00+10:00,TAS1,gen_wind,15m,15,lightgbm_residual_blend,0.8500000000000001,132.3268,0.6188628681415083,132.85283343792028
2026-04-18T05:27:47Z,2026-04-18T15:20:00+10:00,TAS1,gen_wind,30m,30,lightgbm_residual_blend,0.8500000000000001,132.3268,3.546996464338151,135.3417469946874
2026-04-18T05:27:47Z,2026-04-18T15:20:00+10:00,TAS1,gen_coal_black,5m,5,lightgbm_residual_blend,0.0,0.0,0.0,0.0
2026-04-18T05:27:47Z,2026-04-18T15:20:00+10:00,TAS1,gen_coal_black,15m,15,lightgbm_residual_blend,0.0,0.0,0.0,0.0
2026-04-18T05:27:47Z,2026-04-18T15:20:00+10:00,TAS1,gen_coal_black,30m,30,lightgbm_residual_blend,0.0,0.0,0.0,0.0
2026-04-18T05:27:47Z,2026-04-18T15:20:00+10:00,TAS1,gen_coal_brown,5m,5,lightgbm_residual_blend,0.0,0.0,0.0,0.0
2026-04-18T05:27:47Z,2026-04-18T15:20:00+10:00,TAS1,gen_coal_brown,15m,15,lightgbm_residual_blend,0.0,0.0,0.0,0.0
2026-04-18T05:27:47Z,2026-04-18T15:20:00+10:00,TAS1,gen_coal_brown,30m,30,lightgbm_residual_blend,0.0,0.0,0.0,0.0
2026-04-18T05:27:47Z,2026-04-18T15:20:00+10:00,TAS1,gen_solar_utility,5m,5,lightgbm_residual_blend,0.0,0.0,0.0,0.0
2026-04-18T05:27:47Z,2026-04-18T15:20:00+10:00,TAS1,gen_solar_utility,15m,15,lightgbm_residual_blend,0.0,0.0,0.0,0.0
2026-04-18T05:27:47Z,2026-04-18T15:20:00+10:00,TAS1,gen_solar_utility,30m,30,lightgbm_residual_blend,0.0,0.0,0.0,0.0
2026-04-18T05:27:47Z,2026-04-18T15:20:00+10:00,TAS1,gen_hydro,5m,5,lightgbm_residual_blend,0.9500000000000001,747.9125,1.825460553125715,749.6466875254695
2026-04-18T05:27:47Z,2026-04-18T15:20:00+10:00,TAS1,gen_hydro,15m,15,lightgbm_residual_blend,1.0,747.9125,4.642388557763634,752.5548885577637
2026-04-18T05:27:47Z,2026-04-18T15:20:00+10:00,TAS1,gen_hydro,30m,30,lightgbm_residual_blend,1.0,747.9125,4.876172734621433,752.7886727346214
2026-04-18T05:27:47Z,2026-04-18T15:20:00+10:00,TAS1,gen_battery_discharging,5m,5,lightgbm_residual_blend,0.0,0.0,0.0,0.0
2026-04-18T05:27:47Z,2026-04-18T15:20:00+10:00,TAS1,gen_battery_discharging,15m,15,lightgbm_residual_blend,0.0,0.0,0.0,0.0
2026-04-18T05:27:47Z,2026-04-18T15:20:00+10:00,TAS1,gen_battery_discharging,30m,30,lightgbm_residual_blend,0.0,0.0,0.0,0.0
2026-04-18T05:27:47Z,2026-04-18T15:20:00+10:00,TAS1,renewables_pct,5m,5,lightgbm_residual_blend,0.15000000000000002,100.0,-0.0004901622812912142,99.9999264756578
2026-04-18T05:27:47Z,2026-04-18T15:20:00+10:00,TAS1,renewables_pct,15m,15,lightgbm_residual_blend,0.15000000000000002,100.0,-0.0007075677223610562,99.99989386484165
2026-04-18T05:27:47Z,2026-04-18T15:20:00+10:00,TAS1,renewables_pct,30m,30,lightgbm_residual_blend,0.1,100.0,-0.0012774199435728573,99.99987225800564
2026-04-18T05:27:47Z,2026-04-18T15:20:00+10:00,VIC1,price,5m,5,lightgbm_residual_blend,1.0,-2.67,0.07816509870506684,-2.591834901294933
2026-04-18T05:27:47Z,2026-04-18T15:20:00+10:00,VIC1,price,15m,15,lightgbm_residual_blend,1.0,-2.67,0.5811832931797803,-2.0888167068202197
2026-04-18T05:27:47Z,2026-04-18T15:20:00+10:00,VIC1,price,30m,30,lightgbm_residual_blend,1.0,-2.67,1.355944225873553,-1.314055774126447
2026-04-18T05:27:47Z,2026-04-18T15:20:00+10:00,VIC1,demand,5m,5,lightgbm_residual_blend,1.0,3398.91,1.1779338377388253,3400.0879338377385
2026-04-18T05:27:47Z,2026-04-18T15:20:00+10:00,VIC1,demand,15m,15,lightgbm_residual_blend,1.0,3398.91,30.47794878085737,3429.387948780857
2026-04-18T05:27:47Z,2026-04-18T15:20:00+10:00,VIC1,demand,30m,30,lightgbm_residual_blend,1.0,3398.91,74.51340517900108,3473.423405179001
2026-04-18T05:27:47Z,2026-04-18T15:20:00+10:00,VIC1,gen_wind,5m,5,lightgbm_residual_blend,1.0,99.0335,25.02278528559192,124.05628528559193
2026-04-18T05:27:47Z,2026-04-18T15:20:00+10:00,VIC1,gen_wind,15m,15,lightgbm_residual_blend,1.0,99.0335,30.10084660583269,129.1343466058327
2026-04-18T05:27:47Z,2026-04-18T15:20:00+10:00,VIC1,gen_wind,30m,30,lightgbm_residual_blend,1.0,99.0335,55.548653885157556,154.58215388515757
2026-04-18T05:27:47Z,2026-04-18T15:20:00+10:00,VIC1,gen_coal_black,5m,5,lightgbm_residual_blend,0.0,0.0,0.0,0.0
2026-04-18T05:27:47Z,2026-04-18T15:20:00+10:00,VIC1,gen_coal_black,15m,15,lightgbm_residual_blend,0.0,0.0,0.0,0.0
2026-04-18T05:27:47Z,2026-04-18T15:20:00+10:00,VIC1,gen_coal_black,30m,30,lightgbm_residual_blend,0.0,0.0,0.0,0.0
2026-04-18T05:27:47Z,2026-04-18T15:20:00+10:00,VIC1,gen_coal_brown,5m,5,lightgbm_residual_blend,1.0,2819.0938,-1.8843783751831378,2817.209421624817
2026-04-18T05:27:47Z,2026-04-18T15:20:00+10:00,VIC1,gen_coal_brown,15m,15,lightgbm_residual_blend,1.0,2819.0938,6.206843914176009,2825.300643914176
2026-04-18T05:27:47Z,2026-04-18T15:20:00+10:00,VIC1,gen_coal_brown,30m,30,lightgbm_residual_blend,1.0,2819.0938,13.622035832352863,2832.715835832353
2026-04-18T05:27:47Z,2026-04-18T15:20:00+10:00,VIC1,gen_solar_utility,5m,5,lightgbm_residual_blend,0.9,1088.3379,0.04295350327812089,1088.3765581529503
2026-04-18T05:27:47Z,2026-04-18T15:20:00+10:00,VIC1,gen_solar_utility,15m,15,lightgbm_residual_blend,0.8500000000000001,1088.3379,8.968759477867993,1095.9613455561878
2026-04-18T05:27:47Z,2026-04-18T15:20:00+10:00,VIC1,gen_solar_utility,30m,30,lightgbm_residual_blend,0.8500000000000001,1088.3379,17.694563996955434,1103.3782793974121
2026-04-18T05:27:47Z,2026-04-18T15:20:00+10:00,VIC1,gen_hydro,5m,5,lightgbm_residual_blend,0.7000000000000001,0.22,-2.245686496119265,-1.3519805472834856
2026-04-18T05:27:47Z,2026-04-18T15:20:00+10:00,VIC1,gen_hydro,15m,15,lightgbm_residual_blend,0.9500000000000001,0.22,-7.409945820797026,-6.819448529757175
2026-04-18T05:27:47Z,2026-04-18T15:20:00+10:00,VIC1,gen_hydro,30m,30,lightgbm_residual_blend,1.0,0.22,-16.421745017681882,-16.201745017681883
2026-04-18T05:27:47Z,2026-04-18T15:20:00+10:00,VIC1,gen_battery_discharging,5m,5,lightgbm_residual_blend,1.0,1.9168,-0.28060146681593545,1.6361985331840647
2026-04-18T05:27:47Z,2026-04-18T15:20:00+10:00,VIC1,gen_battery_discharging,15m,15,lightgbm_residual_blend,1.0,1.9168,-0.6836045882622221,1.233195411737778
2026-04-18T05:27:47Z,2026-04-18T15:20:00+10:00,VIC1,gen_battery_discharging,30m,30,lightgbm_residual_blend,1.0,1.9168,4.470403104513709,6.387203104513709
2026-04-18T05:27:47Z,2026-04-18T15:20:00+10:00,VIC1,renewables_pct,5m,5,lightgbm_residual_blend,1.0,29.673891296766303,4.624421454790948,34.29831275155725
2026-04-18T05:27:47Z,2026-04-18T15:20:00+10:00,VIC1,renewables_pct,15m,15,lightgbm_residual_blend,1.0,29.673891296766303,14.819548537020143,44.49343983378645
2026-04-18T05:27:47Z,2026-04-18T15:20:00+10:00,VIC1,renewables_pct,30m,30,lightgbm_residual_blend,1.0,29.673891296766303,18.0054894462257,47.679380742992
2026-04-18T05:28:11Z,2026-04-18T15:20:00+10:00,NSW1,price,5m,5,lightgbm_residual_blend,1.0,-2.93,0.2643280786199425,-2.6656719213800577
2026-04-18T05:28:11Z,2026-04-18T15:20:00+10:00,NSW1,price,15m,15,lightgbm_residual_blend,1.0,-2.93,1.282165346504782,-1.6478346534952182
2026-04-18T05:28:11Z,2026-04-18T15:20:00+10:00,NSW1,price,30m,30,lightgbm_residual_blend,0.9500000000000001,-2.93,3.548107729899355,0.4407023434043875
2026-04-18T05:28:11Z,2026-04-18T15:20:00+10:00,NSW1,demand,5m,5,lightgbm_residual_blend,1.0,5436.34,29.761174222874445,5466.101174222875
2026-04-18T05:28:11Z,2026-04-18T15:20:00+10:00,NSW1,demand,15m,15,lightgbm_residual_blend,1.0,5436.34,101.2683194528144,5537.608319452815
2026-04-18T05:28:11Z,2026-04-18T15:20:00+10:00,NSW1,demand,30m,30,lightgbm_residual_blend,1.0,5436.34,275.20627447127674,5711.546274471277
2026-04-18T05:28:11Z,2026-04-18T15:20:00+10:00,NSW1,gen_wind,5m,5,lightgbm_residual_blend,1.0,254.4763,-2.497845340071791,251.97845465992822
2026-04-18T05:28:11Z,2026-04-18T15:20:00+10:00,NSW1,gen_wind,15m,15,lightgbm_residual_blend,0.9,254.4763,0.7477099045835518,255.1492389141252
2026-04-18T05:28:11Z,2026-04-18T15:20:00+10:00,NSW1,gen_wind,30m,30,lightgbm_residual_blend,0.8500000000000001,254.4763,10.40813838489534,263.32321762716106
2026-04-18T05:28:11Z,2026-04-18T15:20:00+10:00,NSW1,gen_coal_black,5m,5,lightgbm_residual_blend,1.0,3070.574,33.312953440694905,3103.886953440695
2026-04-18T05:28:11Z,2026-04-18T15:20:00+10:00,NSW1,gen_coal_black,15m,15,lightgbm_residual_blend,1.0,3070.574,110.07141734538284,3180.645417345383
2026-04-18T05:28:11Z,2026-04-18T15:20:00+10:00,NSW1,gen_coal_black,30m,30,lightgbm_residual_blend,1.0,3070.574,220.02358082044884,3290.597580820449
2026-04-18T05:28:11Z,2026-04-18T15:20:00+10:00,NSW1,gen_coal_brown,5m,5,lightgbm_residual_blend,0.0,0.0,0.0,0.0
2026-04-18T05:28:11Z,2026-04-18T15:20:00+10:00,NSW1,gen_coal_brown,15m,15,lightgbm_residual_blend,0.0,0.0,0.0,0.0
2026-04-18T05:28:11Z,2026-04-18T15:20:00+10:00,NSW1,gen_coal_brown,30m,30,lightgbm_residual_blend,0.0,0.0,0.0,0.0
2026-04-18T05:28:11Z,2026-04-18T15:20:00+10:00,NSW1,gen_solar_utility,5m,5,lightgbm_residual_blend,1.0,2708.3809,-2.9679767034216136,2705.4129232965784
2026-04-18T05:28:11Z,2026-04-18T15:20:00+10:00,NSW1,gen_solar_utility,15m,15,lightgbm_residual_blend,1.0,2708.3809,-20.535223448919435,2687.8456765510805
2026-04-18T05:28:11Z,2026-04-18T15:20:00+10:00,NSW1,gen_solar_utility,30m,30,lightgbm_residual_blend,1.0,2708.3809,-57.56980432638411,2650.811095673616
2026-04-18T05:28:11Z,2026-04-18T15:20:00+10:00,NSW1,gen_hydro,5m,5,lightgbm_residual_blend,1.0,19.1818,0.8152660974815722,19.99706609748157
2026-04-18T05:28:11Z,2026-04-18T15:20:00+10:00,NSW1,gen_hydro,15m,15,lightgbm_residual_blend,0.8,19.1818,1.8922109584744538,20.695568766779562
2026-04-18T05:28:11Z,2026-04-18T15:20:00+10:00,NSW1,gen_hydro,30m,30,lightgbm_residual_blend,0.65,19.1818,8.138485767057906,24.471815748587638
2026-04-18T05:28:11Z,2026-04-18T15:20:00+10:00,NSW1,gen_battery_discharging,5m,5,lightgbm_residual_blend,0.6000000000000001,0.0576,0.07119014235838048,0.10031408541502829
2026-04-18T05:28:11Z,2026-04-18T15:20:00+10:00,NSW1,gen_battery_discharging,15m,15,lightgbm_residual_blend,1.0,0.0576,3.767455295558327,3.825055295558327
2026-04-18T05:28:11Z,2026-04-18T15:20:00+10:00,NSW1,gen_battery_discharging,30m,30,lightgbm_residual_blend,1.0,0.0576,11.887660860805585,11.945260860805586
2026-04-18T05:28:11Z,2026-04-18T15:20:00+10:00,NSW1,renewables_pct,5m,5,lightgbm_residual_blend,1.0,49.05875262273726,1.9719763368756418,51.0307289596129
2026-04-18T05:28:11Z,2026-04-18T15:20:00+10:00,NSW1,renewables_pct,15m,15,lightgbm_residual_blend,1.0,49.05875262273726,3.594701222407615,52.653453845144874
2026-04-18T05:28:11Z,2026-04-18T15:20:00+10:00,NSW1,renewables_pct,30m,30,lightgbm_residual_blend,1.0,49.05875262273726,1.370540360219663,50.42929298295692
2026-04-18T05:28:11Z,2026-04-18T15:20:00+10:00,QLD1,price,5m,5,lightgbm_residual_blend,1.0,-3.02,0.18075166162539866,-2.839248338374601
2026-04-18T05:28:11Z,2026-04-18T15:20:00+10:00,QLD1,price,15m,15,lightgbm_residual_blend,1.0,-3.02,1.6024521580107691,-1.417547841989231
2026-04-18T05:28:11Z,2026-04-18T15:20:00+10:00,QLD1,price,30m,30,lightgbm_residual_blend,1.0,-3.02,3.7595955764787226,0.7395955764787225
2026-04-18T05:28:11Z,2026-04-18T15:20:00+10:00,QLD1,demand,5m,5,lightgbm_residual_blend,1.0,5831.01,-8.0257513886085,5822.984248611392
2026-04-18T05:28:11Z,2026-04-18T15:20:00+10:00,QLD1,demand,15m,15,lightgbm_residual_blend,1.0,5831.01,59.445302229047606,5890.455302229047
2026-04-18T05:28:11Z,2026-04-18T15:20:00+10:00,QLD1,demand,30m,30,lightgbm_residual_blend,1.0,5831.01,147.6187537453522,5978.628753745353
2026-04-18T05:28:11Z,2026-04-18T15:20:00+10:00,QLD1,gen_wind,5m,5,lightgbm_residual_blend,1.0,168.67,-0.9320741739558314,167.73792582604415
2026-04-18T05:28:11Z,2026-04-18T15:20:00+10:00,QLD1,gen_wind,15m,15,lightgbm_residual_blend,0.9500000000000001,168.67,-2.9796229565491545,165.83935819127828
2026-04-18T05:28:11Z,2026-04-18T15:20:00+10:00,QLD1,gen_wind,30m,30,lightgbm_residual_blend,0.9,168.67,-6.92864892050438,162.43421597154605
2026-04-18T05:28:11Z,2026-04-18T15:20:00+10:00,QLD1,gen_coal_black,5m,5,lightgbm_residual_blend,0.9,3651.4305,6.712727710337015,3657.471954939303
2026-04-18T05:28:11Z,2026-04-18T15:20:00+10:00,QLD1,gen_coal_black,15m,15,lightgbm_residual_blend,0.9500000000000001,3651.4305,51.48166907239341,3700.3380856187737
2026-04-18T05:28:11Z,2026-04-18T15:20:00+10:00,QLD1,gen_coal_black,30m,30,lightgbm_residual_blend,0.9500000000000001,3651.4305,113.45446462728344,3759.212241395919
2026-04-18T05:28:11Z,2026-04-18T15:20:00+10:00,QLD1,gen_coal_brown,5m,5,lightgbm_residual_blend,0.0,0.0,0.0,0.0
2026-04-18T05:28:11Z,2026-04-18T15:20:00+10:00,QLD1,gen_coal_brown,15m,15,lightgbm_residual_blend,0.0,0.0,0.0,0.0
2026-04-18T05:28:11Z,2026-04-18T15:20:00+10:00,QLD1,gen_coal_brown,30m,30,lightgbm_residual_blend,0.0,0.0,0.0,0.0
2026-04-18T05:28:11Z,2026-04-18T15:20:00+10:00,QLD1,gen_solar_utility,5m,5,lightgbm_residual_blend,1.0,2167.5465,-2.715746672536066,2164.8307533274638
2026-04-18T05:28:11Z,2026-04-18T15:20:00+10:00,QLD1,gen_solar_utility,15m,15,lightgbm_residual_blend,1.0,2167.5465,-8.847713581522525,2158.6987864184775
2026-04-18T05:28:11Z,2026-04-18T15:20:00+10:00,QLD1,gen_solar_utility,30m,30,lightgbm_residual_blend,1.0,2167.5465,-41.71948143098051,2125.8270185690194
2026-04-18T05:28:11Z,2026-04-18T15:20:00+10:00,QLD1,gen_hydro,5m,5,lightgbm_residual_blend,0.8500000000000001,97.59,0.7955804554896415,98.2662433871662
2026-04-18T05:28:11Z,2026-04-18T15:20:00+10:00,QLD1,gen_hydro,15m,15,lightgbm_residual_blend,0.8,97.59,6.460560447787724,102.75844835823018
2026-04-18T05:28:11Z,2026-04-18T15:20:00+10:00,QLD1,gen_hydro,30m,30,lightgbm_residual_blend,0.8,97.59,7.213701909382907,103.36096152750633
2026-04-18T05:28:11Z,2026-04-18T15:20:00+10:00,QLD1,gen_battery_discharging,5m,5,lightgbm_residual_blend,0.9500000000000001,0.2164,-0.08734468936462808,0.13342254510360332
2026-04-18T05:28:11Z,2026-04-18T15:20:00+10:00,QLD1,gen_battery_discharging,15m,15,lightgbm_residual_blend,1.0,0.2164,3.9114484654035655,4.127848465403566
2026-04-18T05:28:11Z,2026-04-18T15:20:00+10:00,QLD1,gen_battery_discharging,30m,30,lightgbm_residual_blend,1.0,0.2164,9.570186935070494,9.786586935070494
2026-04-18T05:28:11Z,2026-04-18T15:20:00+10:00,QLD1,renewables_pct,5m,5,lightgbm_residual_blend,1.0,38.69984474557366,2.819176478887014,41.51902122446067
2026-04-18T05:28:11Z,2026-04-18T15:20:00+10:00,QLD1,renewables_pct,15m,15,lightgbm_residual_blend,1.0,38.69984474557366,6.349274289153699,45.049119034727354
2026-04-18T05:28:11Z,2026-04-18T15:20:00+10:00,QLD1,renewables_pct,30m,30,lightgbm_residual_blend,1.0,38.69984474557366,5.3395041764952635,44.03934892206892
2026-04-18T05:28:11Z,2026-04-18T15:20:00+10:00,SA1,price,5m,5,lightgbm_residual_blend,1.0,-2.61,0.45720937229564784,-2.152790627704352
2026-04-18T05:28:11Z,2026-04-18T15:20:00+10:00,SA1,price,15m,15,lightgbm_residual_blend,1.0,-2.61,1.0095066722794244,-1.6004933277205755
2026-04-18T05:28:11Z,2026-04-18T15:20:00+10:00,SA1,price,30m,30,lightgbm_residual_blend,1.0,-2.61,1.7586684039766083,-0.8513315960233916
2026-04-18T05:28:11Z,2026-04-18T15:20:00+10:00,SA1,demand,5m,5,lightgbm_residual_blend,1.0,393.05,-1.4154369904720563,391.63456300952794
2026-04-18T05:28:11Z,2026-04-18T15:20:00+10:00,SA1,demand,15m,15,lightgbm_residual_blend,1.0,393.05,-1.508635068274456,391.5413649317256
2026-04-18T05:28:11Z,2026-04-18T15:20:00+10:00,SA1,demand,30m,30,lightgbm_residual_blend,1.0,393.05,4.808293202666996,397.858293202667
2026-04-18T05:28:11Z,2026-04-18T15:20:00+10:00,SA1,gen_wind,5m,5,lightgbm_residual_blend,1.0,111.9759,2.985755437313459,114.96165543731345
2026-04-18T05:28:11Z,2026-04-18T15:20:00+10:00,SA1,gen_wind,15m,15,lightgbm_residual_blend,1.0,111.9759,5.184184890729991,117.16008489072999
2026-04-18T05:28:11Z,2026-04-18T15:20:00+10:00,SA1,gen_wind,30m,30,lightgbm_residual_blend,1.0,111.9759,12.367360291722498,124.34326029172249
2026-04-18T05:28:11Z,2026-04-18T15:20:00+10:00,SA1,gen_coal_black,5m,5,lightgbm_residual_blend,0.0,0.0,0.0,0.0
2026-04-18T05:28:11Z,2026-04-18T15:20:00+10:00,SA1,gen_coal_black,15m,15,lightgbm_residual_blend,0.0,0.0,0.0,0.0
2026-04-18T05:28:11Z,2026-04-18T15:20:00+10:00,SA1,gen_coal_black,30m,30,lightgbm_residual_blend,0.0,0.0,0.0,0.0
2026-04-18T05:28:11Z,2026-04-18T15:20:00+10:00,SA1,gen_coal_brown,5m,5,lightgbm_residual_blend,0.0,0.0,0.0,0.0
2026-04-18T05:28:11Z,2026-04-18T15:20:00+10:00,SA1,gen_coal_brown,15m,15,lightgbm_residual_blend,0.0,0.0,0.0,0.0
2026-04-18T05:28:11Z,2026-04-18T15:20:00+10:00,SA1,gen_coal_brown,30m,30,lightgbm_residual_blend,0.0,0.0,0.0,0.0
2026-04-18T05:28:11Z,2026-04-18T15:20:00+10:00,SA1,gen_solar_utility,5m,5,lightgbm_residual_blend,0.65,268.3843,-0.6934648227940184,267.93354786518387
2026-04-18T05:28:11Z,2026-04-18T15:20:00+10:00,SA1,gen_solar_utility,15m,15,lightgbm_residual_blend,0.75,268.3843,-1.2721134042610642,267.4302149468042
2026-04-18T05:28:11Z,2026-04-18T15:20:00+10:00,SA1,gen_solar_utility,30m,30,lightgbm_residual_blend,0.7000000000000001,268.3843,-0.01591980908242794,268.3731561336423
2026-04-18T05:28:11Z,2026-04-18T15:20:00+10:00,SA1,gen_hydro,5m,5,lightgbm_residual_blend,0.0,0.0,0.0,0.0
2026-04-18T05:28:11Z,2026-04-18T15:20:00+10:00,SA1,gen_hydro,15m,15,lightgbm_residual_blend,0.0,0.0,0.0,0.0
2026-04-18T05:28:11Z,2026-04-18T15:20:00+10:00,SA1,gen_hydro,30m,30,lightgbm_residual_blend,0.0,0.0,0.0,0.0
2026-04-18T05:28:11Z,2026-04-18T15:20:00+10:00,SA1,gen_battery_discharging,5m,5,lightgbm_residual_blend,1.0,11.781,0.7676954953319479,12.548695495331948
2026-04-18T05:28:11Z,2026-04-18T15:20:00+10:00,SA1,gen_battery_discharging,15m,15,lightgbm_residual_blend,0.9500000000000001,11.781,-5.935695419161203,6.142089351796858
2026-04-18T05:28:11Z,2026-04-18T15:20:00+10:00,SA1,gen_battery_discharging,30m,30,lightgbm_residual_blend,0.8500000000000001,11.781,-3.344511283053346,8.938165409404656
2026-04-18T05:28:11Z,2026-04-18T15:20:00+10:00,SA1,renewables_pct,5m,5,lightgbm_residual_blend,1.0,83.1551266503371,4.74555151749656,87.90067816783366
2026-04-18T05:28:11Z,2026-04-18T15:20:00+10:00,SA1,renewables_pct,15m,15,lightgbm_residual_blend,0.9500000000000001,83.1551266503371,15.661557478497363,98.03360625490959
2026-04-18T05:28:11Z,2026-04-18T15:20:00+10:00,SA1,renewables_pct,30m,30,lightgbm_residual_blend,0.9,83.1551266503371,13.921267692483951,95.68426757357265
2026-04-18T05:28:11Z,2026-04-18T15:20:00+10:00,TAS1,price,5m,5,lightgbm_residual_blend,1.0,72.24,0.03609284553195453,72.27609284553195
2026-04-18T05:28:11Z,2026-04-18T15:20:00+10:00,TAS1,price,15m,15,lightgbm_residual_blend,1.0,72.24,0.32993607840229533,72.56993607840229
2026-04-18T05:28:11Z,2026-04-18T15:20:00+10:00,TAS1,price,30m,30,lightgbm_residual_blend,1.0,72.24,0.6999441892535927,72.9399441892536
2026-04-18T05:28:11Z,2026-04-18T15:20:00+10:00,TAS1,demand,5m,5,lightgbm_residual_blend,1.0,976.7,-0.3828468683726573,976.3171531316274
2026-04-18T05:28:11Z,2026-04-18T15:20:00+10:00,TAS1,demand,15m,15,lightgbm_residual_blend,1.0,976.7,-0.5314204070300675,976.16857959297
2026-04-18T05:28:11Z,2026-04-18T15:20:00+10:00,TAS1,demand,30m,30,lightgbm_residual_blend,1.0,976.7,1.1431425964520054,977.843142596452
2026-04-18T05:28:11Z,2026-04-18T15:20:00+10:00,TAS1,gen_wind,5m,5,lightgbm_residual_blend,0.5,132.3268,0.6480182815004064,132.6508091407502
2026-04-18T05:28:11Z,2026-04-18T15:20:00+10:00,TAS1,gen_wind,15m,15,lightgbm_residual_blend,0.8500000000000001,132.3268,0.6188628681415083,132.85283343792028
2026-04-18T05:28:11Z,2026-04-18T15:20:00+10:00,TAS1,gen_wind,30m,30,lightgbm_residual_blend,0.8500000000000001,132.3268,3.546996464338151,135.3417469946874
2026-04-18T05:28:11Z,2026-04-18T15:20:00+10:00,TAS1,gen_coal_black,5m,5,lightgbm_residual_blend,0.0,0.0,0.0,0.0
2026-04-18T05:28:11Z,2026-04-18T15:20:00+10:00,TAS1,gen_coal_black,15m,15,lightgbm_residual_blend,0.0,0.0,0.0,0.0
2026-04-18T05:28:11Z,2026-04-18T15:20:00+10:00,TAS1,gen_coal_black,30m,30,lightgbm_residual_blend,0.0,0.0,0.0,0.0
2026-04-18T05:28:11Z,2026-04-18T15:20:00+10:00,TAS1,gen_coal_brown,5m,5,lightgbm_residual_blend,0.0,0.0,0.0,0.0
2026-04-18T05:28:11Z,2026-04-18T15:20:00+10:00,TAS1,gen_coal_brown,15m,15,lightgbm_residual_blend,0.0,0.0,0.0,0.0
2026-04-18T05:28:11Z,2026-04-18T15:20:00+10:00,TAS1,gen_coal_brown,30m,30,lightgbm_residual_blend,0.0,0.0,0.0,0.0
2026-04-18T05:28:11Z,2026-04-18T15:20:00+10:00,TAS1,gen_solar_utility,5m,5,lightgbm_residual_blend,0.0,0.0,0.0,0.0
2026-04-18T05:28:11Z,2026-04-18T15:20:00+10:00,TAS1,gen_solar_utility,15m,15,lightgbm_residual_blend,0.0,0.0,0.0,0.0
2026-04-18T05:28:11Z,2026-04-18T15:20:00+10:00,TAS1,gen_solar_utility,30m,30,lightgbm_residual_blend,0.0,0.0,0.0,0.0
2026-04-18T05:28:11Z,2026-04-18T15:20:00+10:00,TAS1,gen_hydro,5m,5,lightgbm_residual_blend,0.9500000000000001,747.9125,1.825460553125715,749.6466875254695
2026-04-18T05:28:11Z,2026-04-18T15:20:00+10:00,TAS1,gen_hydro,15m,15,lightgbm_residual_blend,1.0,747.9125,4.642388557763634,752.5548885577637
2026-04-18T05:28:11Z,2026-04-18T15:20:00+10:00,TAS1,gen_hydro,30m,30,lightgbm_residual_blend,1.0,747.9125,4.876172734621433,752.7886727346214
2026-04-18T05:28:11Z,2026-04-18T15:20:00+10:00,TAS1,gen_battery_discharging,5m,5,lightgbm_residual_blend,0.0,0.0,0.0,0.0
2026-04-18T05:28:11Z,2026-04-18T15:20:00+10:00,TAS1,gen_battery_discharging,15m,15,lightgbm_residual_blend,0.0,0.0,0.0,0.0
2026-04-18T05:28:11Z,2026-04-18T15:20:00+10:00,TAS1,gen_battery_discharging,30m,30,lightgbm_residual_blend,0.0,0.0,0.0,0.0
2026-04-18T05:28:11Z,2026-04-18T15:20:00+10:00,TAS1,renewables_pct,5m,5,lightgbm_residual_blend,0.15000000000000002,100.0,-0.0004901622812912142,99.9999264756578
2026-04-18T05:28:11Z,2026-04-18T15:20:00+10:00,TAS1,renewables_pct,15m,15,lightgbm_residual_blend,0.15000000000000002,100.0,-0.0007075677223610562,99.99989386484165
2026-04-18T05:28:11Z,2026-04-18T15:20:00+10:00,TAS1,renewables_pct,30m,30,lightgbm_residual_blend,0.1,100.0,-0.0012774199435728573,99.99987225800564
2026-04-18T05:28:11Z,2026-04-18T15:20:00+10:00,VIC1,price,5m,5,lightgbm_residual_blend,1.0,-2.67,0.07816509870506684,-2.591834901294933
2026-04-18T05:28:11Z,2026-04-18T15:20:00+10:00,VIC1,price,15m,15,lightgbm_residual_blend,1.0,-2.67,0.5811832931797803,-2.0888167068202197
2026-04-18T05:28:11Z,2026-04-18T15:20:00+10:00,VIC1,price,30m,30,lightgbm_residual_blend,1.0,-2.67,1.355944225873553,-1.314055774126447
2026-04-18T05:28:11Z,2026-04-18T15:20:00+10:00,VIC1,demand,5m,5,lightgbm_residual_blend,1.0,3398.91,1.1779338377388253,3400.0879338377385
2026-04-18T05:28:11Z,2026-04-18T15:20:00+10:00,VIC1,demand,15m,15,lightgbm_residual_blend,1.0,3398.91,30.47794878085737,3429.387948780857
2026-04-18T05:28:11Z,2026-04-18T15:20:00+10:00,VIC1,demand,30m,30,lightgbm_residual_blend,1.0,3398.91,74.51340517900108,3473.423405179001
2026-04-18T05:28:11Z,2026-04-18T15:20:00+10:00,VIC1,gen_wind,5m,5,lightgbm_residual_blend,1.0,99.0335,25.02278528559192,124.05628528559193
2026-04-18T05:28:11Z,2026-04-18T15:20:00+10:00,VIC1,gen_wind,15m,15,lightgbm_residual_blend,1.0,99.0335,30.10084660583269,129.1343466058327
2026-04-18T05:28:11Z,2026-04-18T15:20:00+10:00,VIC1,gen_wind,30m,30,lightgbm_residual_blend,1.0,99.0335,55.548653885157556,154.58215388515757
2026-04-18T05:28:11Z,2026-04-18T15:20:00+10:00,VIC1,gen_coal_black,5m,5,lightgbm_residual_blend,0.0,0.0,0.0,0.0
2026-04-18T05:28:11Z,2026-04-18T15:20:00+10:00,VIC1,gen_coal_black,15m,15,lightgbm_residual_blend,0.0,0.0,0.0,0.0
2026-04-18T05:28:11Z,2026-04-18T15:20:00+10:00,VIC1,gen_coal_black,30m,30,lightgbm_residual_blend,0.0,0.0,0.0,0.0
2026-04-18T05:28:11Z,2026-04-18T15:20:00+10:00,VIC1,gen_coal_brown,5m,5,lightgbm_residual_blend,1.0,2819.0938,-1.8843783751831378,2817.209421624817
2026-04-18T05:28:11Z,2026-04-18T15:20:00+10:00,VIC1,gen_coal_brown,15m,15,lightgbm_residual_blend,1.0,2819.0938,6.206843914176009,2825.300643914176
2026-04-18T05:28:11Z,2026-04-18T15:20:00+10:00,VIC1,gen_coal_brown,30m,30,lightgbm_residual_blend,1.0,2819.0938,13.622035832352863,2832.715835832353
2026-04-18T05:28:11Z,2026-04-18T15:20:00+10:00,VIC1,gen_solar_utility,5m,5,lightgbm_residual_blend,0.9,1088.3379,0.04295350327812089,1088.3765581529503
2026-04-18T05:28:11Z,2026-04-18T15:20:00+10:00,VIC1,gen_solar_utility,15m,15,lightgbm_residual_blend,0.8500000000000001,1088.3379,8.968759477867993,1095.9613455561878
2026-04-18T05:28:11Z,2026-04-18T15:20:00+10:00,VIC1,gen_solar_utility,30m,30,lightgbm_residual_blend,0.8500000000000001,1088.3379,17.694563996955434,1103.3782793974121
2026-04-18T05:28:11Z,2026-04-18T15:20:00+10:00,VIC1,gen_hydro,5m,5,lightgbm_residual_blend,0.7000000000000001,0.22,-2.245686496119265,-1.3519805472834856
2026-04-18T05:28:11Z,2026-04-18T15:20:00+10:00,VIC1,gen_hydro,15m,15,lightgbm_residual_blend,0.9500000000000001,0.22,-7.409945820797026,-6.819448529757175
2026-04-18T05:28:11Z,2026-04-18T15:20:00+10:00,VIC1,gen_hydro,30m,30,lightgbm_residual_blend,1.0,0.22,-16.421745017681882,-16.201745017681883
2026-04-18T05:28:11Z,2026-04-18T15:20:00+10:00,VIC1,gen_battery_discharging,5m,5,lightgbm_residual_blend,1.0,1.9168,-0.28060146681593545,1.6361985331840647
2026-04-18T05:28:11Z,2026-04-18T15:20:00+10:00,VIC1,gen_battery_discharging,15m,15,lightgbm_residual_blend,1.0,1.9168,-0.6836045882622221,1.233195411737778
2026-04-18T05:28:11Z,2026-04-18T15:20:00+10:00,VIC1,gen_battery_discharging,30m,30,lightgbm_residual_blend,1.0,1.9168,4.470403104513709,6.387203104513709
2026-04-18T05:28:11Z,2026-04-18T15:20:00+10:00,VIC1,renewables_pct,5m,5,lightgbm_residual_blend,1.0,29.673891296766303,4.624421454790948,34.29831275155725
2026-04-18T05:28:11Z,2026-04-18T15:20:00+10:00,VIC1,renewables_pct,15m,15,lightgbm_residual_blend,1.0,29.673891296766303,14.819548537020143,44.49343983378645
2026-04-18T05:28:11Z,2026-04-18T15:20:00+10:00,VIC1,renewables_pct,30m,30,lightgbm_residual_blend,1.0,29.673891296766303,18.0054894462257,47.679380742992
2026-04-18T05:39:18Z,2026-04-18T15:30:00+10:00,NSW1,price,5m,5,lightgbm_residual_blend,1.0,-2.54,0.21323916953160166,-2.326760830468398
2026-04-18T05:39:18Z,2026-04-18T15:30:00+10:00,NSW1,price,15m,15,lightgbm_residual_blend,1.0,-2.54,1.1905366060460008,-1.3494633939539993
2026-04-18T05:39:18Z,2026-04-18T15:30:00+10:00,NSW1,price,30m,30,lightgbm_residual_blend,0.9500000000000001,-2.54,3.5072676104419873,0.7919042299198882
2026-04-18T05:39:18Z,2026-04-18T15:30:00+10:00,NSW1,demand,5m,5,lightgbm_residual_blend,1.0,5618.15,30.4098622064554,5648.559862206455
2026-04-18T05:39:18Z,2026-04-18T15:30:00+10:00,NSW1,demand,15m,15,lightgbm_residual_blend,1.0,5618.15,100.97965071475751,5719.129650714757
2026-04-18T05:39:18Z,2026-04-18T15:30:00+10:00,NSW1,demand,30m,30,lightgbm_residual_blend,1.0,5618.15,275.5062408730276,5893.656240873027
2026-04-18T05:39:18Z,2026-04-18T15:30:00+10:00,NSW1,gen_wind,5m,5,lightgbm_residual_blend,1.0,240.2917,-3.3642189062233365,236.92748109377666
2026-04-18T05:39:18Z,2026-04-18T15:30:00+10:00,NSW1,gen_wind,15m,15,lightgbm_residual_blend,0.9,240.2917,-4.216263345273997,236.4970629892534
2026-04-18T05:39:18Z,2026-04-18T15:30:00+10:00,NSW1,gen_wind,30m,30,lightgbm_residual_blend,0.8500000000000001,240.2917,-2.7839690541306723,237.92532630398892
2026-04-18T05:39:18Z,2026-04-18T15:30:00+10:00,NSW1,gen_coal_black,5m,5,lightgbm_residual_blend,1.0,3381.4672,33.344505117221296,3414.811705117221
2026-04-18T05:39:18Z,2026-04-18T15:30:00+10:00,NSW1,gen_coal_black,15m,15,lightgbm_residual_blend,1.0,3381.4672,110.76247495356363,3492.2296749535635
2026-04-18T05:39:18Z,2026-04-18T15:30:00+10:00,NSW1,gen_coal_black,30m,30,lightgbm_residual_blend,1.0,3381.4672,225.57929936748243,3607.0464993674823
2026-04-18T05:39:18Z,2026-04-18T15:30:00+10:00,NSW1,gen_coal_brown,5m,5,lightgbm_residual_blend,0.0,0.0,0.0,0.0
2026-04-18T05:39:18Z,2026-04-18T15:30:00+10:00,NSW1,gen_coal_brown,15m,15,lightgbm_residual_blend,0.0,0.0,0.0,0.0
2026-04-18T05:39:18Z,2026-04-18T15:30:00+10:00,NSW1,gen_coal_brown,30m,30,lightgbm_residual_blend,0.0,0.0,0.0,0.0
2026-04-18T05:39:18Z,2026-04-18T15:30:00+10:00,NSW1,gen_solar_utility,5m,5,lightgbm_residual_blend,1.0,2697.9154,-4.2982370851684,2693.6171629148316
2026-04-18T05:39:18Z,2026-04-18T15:30:00+10:00,NSW1,gen_solar_utility,15m,15,lightgbm_residual_blend,1.0,2697.9154,-36.4276728230605,2661.487727176939
2026-04-18T05:39:18Z,2026-04-18T15:30:00+10:00,NSW1,gen_solar_utility,30m,30,lightgbm_residual_blend,1.0,2697.9154,-55.068847235114774,2642.846552764885
2026-04-18T05:39:18Z,2026-04-18T15:30:00+10:00,NSW1,gen_hydro,5m,5,lightgbm_residual_blend,1.0,19.2402,0.8152660974815722,20.055466097481574
2026-04-18T05:39:18Z,2026-04-18T15:30:00+10:00,NSW1,gen_hydro,15m,15,lightgbm_residual_blend,0.8,19.2402,1.8922109584744538,20.753968766779565
2026-04-18T05:39:18Z,2026-04-18T15:30:00+10:00,NSW1,gen_hydro,30m,30,lightgbm_residual_blend,0.65,19.2402,8.07216626131098,24.487108069852138
2026-04-18T05:39:18Z,2026-04-18T15:30:00+10:00,NSW1,gen_battery_discharging,5m,5,lightgbm_residual_blend,0.6000000000000001,7.6908,0.049470429264967884,7.720482257558981
2026-04-18T05:39:18Z,2026-04-18T15:30:00+10:00,NSW1,gen_battery_discharging,15m,15,lightgbm_residual_blend,1.0,7.6908,4.565775786909718,12.256575786909718
2026-04-18T05:39:18Z,2026-04-18T15:30:00+10:00,NSW1,gen_battery_discharging,30m,30,lightgbm_residual_blend,1.0,7.6908,7.111551772606685,14.802351772606684
2026-04-18T05:39:18Z,2026-04-18T15:30:00+10:00,NSW1,renewables_pct,5m,5,lightgbm_residual_blend,1.0,46.55618596496224,1.9564952026730953,48.512681167635336
2026-04-18T05:39:18Z,2026-04-18T15:30:00+10:00,NSW1,renewables_pct,15m,15,lightgbm_residual_blend,1.0,46.55618596496224,3.4948692420947753,50.05105520705701
2026-04-18T05:39:18Z,2026-04-18T15:30:00+10:00,NSW1,renewables_pct,30m,30,lightgbm_residual_blend,1.0,46.55618596496224,1.3112420679795027,47.86742803294174
2026-04-18T05:39:18Z,2026-04-18T15:30:00+10:00,QLD1,price,5m,5,lightgbm_residual_blend,1.0,-2.61,0.20635731259334428,-2.4036426874066557
2026-04-18T05:39:18Z,2026-04-18T15:30:00+10:00,QLD1,price,15m,15,lightgbm_residual_blend,1.0,-2.61,1.5791196623975647,-1.0308803376024351
2026-04-18T05:39:18Z,2026-04-18T15:30:00+10:00,QLD1,price,30m,30,lightgbm_residual_blend,1.0,-2.61,4.646136472886296,2.036136472886296
2026-04-18T05:39:18Z,2026-04-18T15:30:00+10:00,QLD1,demand,5m,5,lightgbm_residual_blend,1.0,6034.33,-9.591809691419229,6024.738190308581
2026-04-18T05:39:18Z,2026-04-18T15:30:00+10:00,QLD1,demand,15m,15,lightgbm_residual_blend,1.0,6034.33,54.961253482601,6089.291253482601
2026-04-18T05:39:18Z,2026-04-18T15:30:00+10:00,QLD1,demand,30m,30,lightgbm_residual_blend,1.0,6034.33,136.61861771455938,6170.948617714559
2026-04-18T05:39:18Z,2026-04-18T15:30:00+10:00,QLD1,gen_wind,5m,5,lightgbm_residual_blend,1.0,166.0627,-0.4126886693118651,165.65001133068813
2026-04-18T05:39:18Z,2026-04-18T15:30:00+10:00,QLD1,gen_wind,15m,15,lightgbm_residual_blend,0.9500000000000001,166.0627,-2.0261475787999053,164.1378598001401
2026-04-18T05:39:18Z,2026-04-18T15:30:00+10:00,QLD1,gen_wind,30m,30,lightgbm_residual_blend,0.9,166.0627,-2.923370012244289,163.43166698898014
2026-04-18T05:39:18Z,2026-04-18T15:30:00+10:00,QLD1,gen_coal_black,5m,5,lightgbm_residual_blend,0.9,3671.9597,5.1338068398058745,3676.5801261558254
2026-04-18T05:39:18Z,2026-04-18T15:30:00+10:00,QLD1,gen_coal_black,15m,15,lightgbm_residual_blend,0.9500000000000001,3671.9597,49.43382269608086,3718.9218315612766
2026-04-18T05:39:18Z,2026-04-18T15:30:00+10:00,QLD1,gen_coal_black,30m,30,lightgbm_residual_blend,0.9500000000000001,3671.9597,116.13983526186325,3782.29254349877
2026-04-18T05:39:18Z,2026-04-18T15:30:00+10:00,QLD1,gen_coal_brown,5m,5,lightgbm_residual_blend,0.0,0.0,0.0,0.0
2026-04-18T05:39:18Z,2026-04-18T15:30:00+10:00,QLD1,gen_coal_brown,15m,15,lightgbm_residual_blend,0.0,0.0,0.0,0.0
2026-04-18T05:39:18Z,2026-04-18T15:30:00+10:00,QLD1,gen_coal_brown,30m,30,lightgbm_residual_blend,0.0,0.0,0.0,0.0
2026-04-18T05:39:18Z,2026-04-18T15:30:00+10:00,QLD1,gen_solar_utility,5m,5,lightgbm_residual_blend,1.0,2211.539,-0.8765990662669805,2210.6624009337334
2026-04-18T05:39:18Z,2026-04-18T15:30:00+10:00,QLD1,gen_solar_utility,15m,15,lightgbm_residual_blend,1.0,2211.539,-6.845354073714123,2204.693645926286
2026-04-18T05:39:18Z,2026-04-18T15:30:00+10:00,QLD1,gen_solar_utility,30m,30,lightgbm_residual_blend,1.0,2211.539,-52.20218275502168,2159.3368172449786
2026-04-18T05:39:18Z,2026-04-18T15:30:00+10:00,QLD1,gen_hydro,5m,5,lightgbm_residual_blend,0.8500000000000001,102.2425,0.7577170612148948,102.88655950203267
2026-04-18T05:39:18Z,2026-04-18T15:30:00+10:00,QLD1,gen_hydro,15m,15,lightgbm_residual_blend,0.8,102.2425,6.220431881085796,107.21884550486864
2026-04-18T05:39:18Z,2026-04-18T15:30:00+10:00,QLD1,gen_hydro,30m,30,lightgbm_residual_blend,0.8,102.2425,7.172619867278397,107.98059589382272
2026-04-18T05:39:18Z,2026-04-18T15:30:00+10:00,QLD1,gen_battery_discharging,5m,5,lightgbm_residual_blend,0.9500000000000001,3.7095,-2.6889818930158276,1.1549672016349635
2026-04-18T05:39:18Z,2026-04-18T15:30:00+10:00,QLD1,gen_battery_discharging,15m,15,lightgbm_residual_blend,1.0,3.7095,1.0354339478527659,4.744933947852766
2026-04-18T05:39:18Z,2026-04-18T15:30:00+10:00,QLD1,gen_battery_discharging,30m,30,lightgbm_residual_blend,1.0,3.7095,7.415888607897098,11.125388607897097
2026-04-18T05:39:18Z,2026-04-18T15:30:00+10:00,QLD1,renewables_pct,5m,5,lightgbm_residual_blend,1.0,38.872289558079785,2.7617575799431435,41.63404713802293
2026-04-18T05:39:18Z,2026-04-18T15:30:00+10:00,QLD1,renewables_pct,15m,15,lightgbm_residual_blend,1.0,38.872289558079785,5.814123600384794,44.68641315846458
2026-04-18T05:39:18Z,2026-04-18T15:30:00+10:00,QLD1,renewables_pct,30m,30,lightgbm_residual_blend,1.0,38.872289558079785,5.12081467042924,43.993104228509026
2026-04-18T05:39:18Z,2026-04-18T15:30:00+10:00,SA1,price,5m,5,lightgbm_residual_blend,1.0,-2.41,0.45932783086421486,-1.9506721691357853
2026-04-18T05:39:18Z,2026-04-18T15:30:00+10:00,SA1,price,15m,15,lightgbm_residual_blend,1.0,-2.41,1.4119521749808874,-0.9980478250191127
2026-04-18T05:39:18Z,2026-04-18T15:30:00+10:00,SA1,price,30m,30,lightgbm_residual_blend,1.0,-2.41,2.83981301740134,0.4298130174013397
2026-04-18T05:39:18Z,2026-04-18T15:30:00+10:00,SA1,demand,5m,5,lightgbm_residual_blend,1.0,435.93,-1.9709700124127885,433.9590299875872
2026-04-18T05:39:18Z,2026-04-18T15:30:00+10:00,SA1,demand,15m,15,lightgbm_residual_blend,1.0,435.93,-1.6779482155212007,434.2520517844788
2026-04-18T05:39:18Z,2026-04-18T15:30:00+10:00,SA1,demand,30m,30,lightgbm_residual_blend,1.0,435.93,2.838104708537351,438.76810470853735
2026-04-18T05:39:18Z,2026-04-18T15:30:00+10:00,SA1,gen_wind,5m,5,lightgbm_residual_blend,1.0,89.6563,16.654585489034876,106.31088548903487
2026-04-18T05:39:18Z,2026-04-18T15:30:00+10:00,SA1,gen_wind,15m,15,lightgbm_residual_blend,1.0,89.6563,11.052039697896404,100.7083396978964
2026-04-18T05:39:18Z,2026-04-18T15:30:00+10:00,SA1,gen_wind,30m,30,lightgbm_residual_blend,1.0,89.6563,13.834698717982413,103.49099871798242
2026-04-18T05:39:18Z,2026-04-18T15:30:00+10:00,SA1,gen_coal_black,5m,5,lightgbm_residual_blend,0.0,0.0,0.0,0.0
2026-04-18T05:39:18Z,2026-04-18T15:30:00+10:00,SA1,gen_coal_black,15m,15,lightgbm_residual_blend,0.0,0.0,0.0,0.0
2026-04-18T05:39:18Z,2026-04-18T15:30:00+10:00,SA1,gen_coal_black,30m,30,lightgbm_residual_blend,0.0,0.0,0.0,0.0
2026-04-18T05:39:18Z,2026-04-18T15:30:00+10:00,SA1,gen_coal_brown,5m,5,lightgbm_residual_blend,0.0,0.0,0.0,0.0
2026-04-18T05:39:18Z,2026-04-18T15:30:00+10:00,SA1,gen_coal_brown,15m,15,lightgbm_residual_blend,0.0,0.0,0.0,0.0
2026-04-18T05:39:18Z,2026-04-18T15:30:00+10:00,SA1,gen_coal_brown,30m,30,lightgbm_residual_blend,0.0,0.0,0.0,0.0
2026-04-18T05:39:18Z,2026-04-18T15:30:00+10:00,SA1,gen_solar_utility,5m,5,lightgbm_residual_blend,0.65,261.1965,4.303141410316748,263.9935419167059
2026-04-18T05:39:18Z,2026-04-18T15:30:00+10:00,SA1,gen_solar_utility,15m,15,lightgbm_residual_blend,0.75,261.1965,0.3267833166105689,261.4415874874579
2026-04-18T05:39:18Z,2026-04-18T15:30:00+10:00,SA1,gen_solar_utility,30m,30,lightgbm_residual_blend,0.7000000000000001,261.1965,6.035403903820695,265.4212827326745
2026-04-18T05:39:18Z,2026-04-18T15:30:00+10:00,SA1,gen_hydro,5m,5,lightgbm_residual_blend,0.0,0.0,0.0,0.0
2026-04-18T05:39:18Z,2026-04-18T15:30:00+10:00,SA1,gen_hydro,15m,15,lightgbm_residual_blend,0.0,0.0,0.0,0.0
2026-04-18T05:39:18Z,2026-04-18T15:30:00+10:00,SA1,gen_hydro,30m,30,lightgbm_residual_blend,0.0,0.0,0.0,0.0
2026-04-18T05:39:18Z,2026-04-18T15:30:00+10:00,SA1,gen_battery_discharging,5m,5,lightgbm_residual_blend,1.0,0.7,-9.385448024247458,-8.685448024247458
2026-04-18T05:39:18Z,2026-04-18T15:30:00+10:00,SA1,gen_battery_discharging,15m,15,lightgbm_residual_blend,0.9500000000000001,0.7,-9.166550477402218,-8.008222953532108
2026-04-18T05:39:18Z,2026-04-18T15:30:00+10:00,SA1,gen_battery_discharging,30m,30,lightgbm_residual_blend,0.8500000000000001,0.7,-7.931910336283961,-6.042123785841367
2026-04-18T05:39:18Z,2026-04-18T15:30:00+10:00,SA1,renewables_pct,5m,5,lightgbm_residual_blend,1.0,81.06634543234962,5.979244659113391,87.04559009146301
2026-04-18T05:39:18Z,2026-04-18T15:30:00+10:00,SA1,renewables_pct,15m,15,lightgbm_residual_blend,0.9500000000000001,81.06634543234962,15.289737911004496,95.5915964478039
2026-04-18T05:39:18Z,2026-04-18T15:30:00+10:00,SA1,renewables_pct,30m,30,lightgbm_residual_blend,0.9,81.06634543234962,15.275401439611596,94.81420672800006
2026-04-18T05:39:18Z,2026-04-18T15:30:00+10:00,TAS1,price,5m,5,lightgbm_residual_blend,1.0,72.43,-0.020556560190216157,72.40944343980979
2026-04-18T05:39:18Z,2026-04-18T15:30:00+10:00,TAS1,price,15m,15,lightgbm_residual_blend,1.0,72.43,-0.00836065153927124,72.42163934846073
2026-04-18T05:39:18Z,2026-04-18T15:30:00+10:00,TAS1,price,30m,30,lightgbm_residual_blend,1.0,72.43,0.5302508394581846,72.9602508394582
2026-04-18T05:39:18Z,2026-04-18T15:30:00+10:00,TAS1,demand,5m,5,lightgbm_residual_blend,1.0,985.81,-0.2523995873153515,985.5576004126846
2026-04-18T05:39:18Z,2026-04-18T15:30:00+10:00,TAS1,demand,15m,15,lightgbm_residual_blend,1.0,985.81,1.1335580883910876,986.943558088391
2026-04-18T05:39:18Z,2026-04-18T15:30:00+10:00,TAS1,demand,30m,30,lightgbm_residual_blend,1.0,985.81,5.168072067352773,990.9780720673527
2026-04-18T05:39:18Z,2026-04-18T15:30:00+10:00,TAS1,gen_wind,5m,5,lightgbm_residual_blend,0.5,133.6908,0.2966499241394446,133.83912496206972
2026-04-18T05:39:18Z,2026-04-18T15:30:00+10:00,TAS1,gen_wind,15m,15,lightgbm_residual_blend,0.8500000000000001,133.6908,0.4482626565686672,134.07182325808336
2026-04-18T05:39:18Z,2026-04-18T15:30:00+10:00,TAS1,gen_wind,30m,30,lightgbm_residual_blend,0.8500000000000001,133.6908,1.8763544285644866,135.28570126427982
2026-04-18T05:39:18Z,2026-04-18T15:30:00+10:00,TAS1,gen_coal_black,5m,5,lightgbm_residual_blend,0.0,0.0,0.0,0.0
2026-04-18T05:39:18Z,2026-04-18T15:30:00+10:00,TAS1,gen_coal_black,15m,15,lightgbm_residual_blend,0.0,0.0,0.0,0.0
2026-04-18T05:39:18Z,2026-04-18T15:30:00+10:00,TAS1,gen_coal_black,30m,30,lightgbm_residual_blend,0.0,0.0,0.0,0.0
2026-04-18T05:39:18Z,2026-04-18T15:30:00+10:00,TAS1,gen_coal_brown,5m,5,lightgbm_residual_blend,0.0,0.0,0.0,0.0
2026-04-18T05:39:18Z,2026-04-18T15:30:00+10:00,TAS1,gen_coal_brown,15m,15,lightgbm_residual_blend,0.0,0.0,0.0,0.0
2026-04-18T05:39:18Z,2026-04-18T15:30:00+10:00,TAS1,gen_coal_brown,30m,30,lightgbm_residual_blend,0.0,0.0,0.0,0.0
2026-04-18T05:39:18Z,2026-04-18T15:30:00+10:00,TAS1,gen_solar_utility,5m,5,lightgbm_residual_blend,0.0,0.0,0.0,0.0
2026-04-18T05:39:18Z,2026-04-18T15:30:00+10:00,TAS1,gen_solar_utility,15m,15,lightgbm_residual_blend,0.0,0.0,0.0,0.0
2026-04-18T05:39:18Z,2026-04-18T15:30:00+10:00,TAS1,gen_solar_utility,30m,30,lightgbm_residual_blend,0.0,0.0,0.0,0.0
2026-04-18T05:39:18Z,2026-04-18T15:30:00+10:00,TAS1,gen_hydro,5m,5,lightgbm_residual_blend,0.9500000000000001,770.7074,3.6870485445756436,774.2100961173469
2026-04-18T05:39:18Z,2026-04-18T15:30:00+10:00,TAS1,gen_hydro,15m,15,lightgbm_residual_blend,1.0,770.7074,7.393818675450292,778.1012186754504
2026-04-18T05:39:18Z,2026-04-18T15:30:00+10:00,TAS1,gen_hydro,30m,30,lightgbm_residual_blend,1.0,770.7074,6.6289401899488265,777.3363401899488
2026-04-18T05:39:18Z,2026-04-18T15:30:00+10:00,TAS1,gen_battery_discharging,5m,5,lightgbm_residual_blend,0.0,0.0,0.0,0.0
2026-04-18T05:39:18Z,2026-04-18T15:30:00+10:00,TAS1,gen_battery_discharging,15m,15,lightgbm_residual_blend,0.0,0.0,0.0,0.0
2026-04-18T05:39:18Z,2026-04-18T15:30:00+10:00,TAS1,gen_battery_discharging,30m,30,lightgbm_residual_blend,0.0,0.0,0.0,0.0
2026-04-18T05:39:18Z,2026-04-18T15:30:00+10:00,TAS1,renewables_pct,5m,5,lightgbm_residual_blend,0.15000000000000002,100.0,-0.0004901622812912142,99.9999264756578
2026-04-18T05:39:18Z,2026-04-18T15:30:00+10:00,TAS1,renewables_pct,15m,15,lightgbm_residual_blend,0.15000000000000002,100.0,-0.0007075677223610562,99.99989386484165
2026-04-18T05:39:18Z,2026-04-18T15:30:00+10:00,TAS1,renewables_pct,30m,30,lightgbm_residual_blend,0.1,100.0,-0.0012774199435728573,99.99987225800564
2026-04-18T05:39:18Z,2026-04-18T15:30:00+10:00,VIC1,price,5m,5,lightgbm_residual_blend,1.0,-2.49,0.005569349633460665,-2.4844306503665394
2026-04-18T05:39:18Z,2026-04-18T15:30:00+10:00,VIC1,price,15m,15,lightgbm_residual_blend,1.0,-2.49,1.1399842742309716,-1.3500157257690286
2026-04-18T05:39:18Z,2026-04-18T15:30:00+10:00,VIC1,price,30m,30,lightgbm_residual_blend,1.0,-2.49,1.712608087242882,-0.7773919127571183
2026-04-18T05:39:18Z,2026-04-18T15:30:00+10:00,VIC1,demand,5m,5,lightgbm_residual_blend,1.0,3508.91,6.435762190618139,3515.345762190618
2026-04-18T05:39:18Z,2026-04-18T15:30:00+10:00,VIC1,demand,15m,15,lightgbm_residual_blend,1.0,3508.91,42.64827287387732,3551.5582728738773
2026-04-18T05:39:18Z,2026-04-18T15:30:00+10:00,VIC1,demand,30m,30,lightgbm_residual_blend,1.0,3508.91,94.56003036623457,3603.4700303662344
2026-04-18T05:39:18Z,2026-04-18T15:30:00+10:00,VIC1,gen_wind,5m,5,lightgbm_residual_blend,1.0,113.6441,42.65134379630745,156.29544379630744
2026-04-18T05:39:18Z,2026-04-18T15:30:00+10:00,VIC1,gen_wind,15m,15,lightgbm_residual_blend,1.0,113.6441,42.811052700656845,156.45515270065684
2026-04-18T05:39:18Z,2026-04-18T15:30:00+10:00,VIC1,gen_wind,30m,30,lightgbm_residual_blend,1.0,113.6441,60.95779746083646,174.60189746083645
2026-04-18T05:39:18Z,2026-04-18T15:30:00+10:00,VIC1,gen_coal_black,5m,5,lightgbm_residual_blend,0.0,0.0,0.0,0.0
2026-04-18T05:39:18Z,2026-04-18T15:30:00+10:00,VIC1,gen_coal_black,15m,15,lightgbm_residual_blend,0.0,0.0,0.0,0.0
2026-04-18T05:39:18Z,2026-04-18T15:30:00+10:00,VIC1,gen_coal_black,30m,30,lightgbm_residual_blend,0.0,0.0,0.0,0.0
2026-04-18T05:39:18Z,2026-04-18T15:30:00+10:00,VIC1,gen_coal_brown,5m,5,lightgbm_residual_blend,1.0,2895.7813,2.600919547993119,2898.3822195479934
2026-04-18T05:39:18Z,2026-04-18T15:30:00+10:00,VIC1,gen_coal_brown,15m,15,lightgbm_residual_blend,1.0,2895.7813,16.392456199751813,2912.173756199752
2026-04-18T05:39:18Z,2026-04-18T15:30:00+10:00,VIC1,gen_coal_brown,30m,30,lightgbm_residual_blend,1.0,2895.7813,56.26812802339259,2952.0494280233925
2026-04-18T05:39:18Z,2026-04-18T15:30:00+10:00,VIC1,gen_solar_utility,5m,5,lightgbm_residual_blend,0.9,1088.6844,0.16912325192807715,1088.8366109267354
2026-04-18T05:39:18Z,2026-04-18T15:30:00+10:00,VIC1,gen_solar_utility,15m,15,lightgbm_residual_blend,0.8500000000000001,1088.6844,10.621818972355289,1097.7129461265022
2026-04-18T05:39:18Z,2026-04-18T15:30:00+10:00,VIC1,gen_solar_utility,30m,30,lightgbm_residual_blend,0.8500000000000001,1088.6844,16.288144328561707,1102.5293226792776
2026-04-18T05:39:18Z,2026-04-18T15:30:00+10:00,VIC1,gen_hydro,5m,5,lightgbm_residual_blend,0.7000000000000001,0.32,-2.5972416012201522,-1.4980691208541066
2026-04-18T05:39:18Z,2026-04-18T15:30:00+10:00,VIC1,gen_hydro,15m,15,lightgbm_residual_blend,0.9500000000000001,0.32,-6.001762497661174,-5.381674372778115
2026-04-18T05:39:18Z,2026-04-18T15:30:00+10:00,VIC1,gen_hydro,30m,30,lightgbm_residual_blend,1.0,0.32,-16.421745017681882,-16.101745017681882
2026-04-18T05:39:18Z,2026-04-18T15:30:00+10:00,VIC1,gen_battery_discharging,5m,5,lightgbm_residual_blend,1.0,10.577,0.7926601667379414,11.36966016673794
2026-04-18T05:39:18Z,2026-04-18T15:30:00+10:00,VIC1,gen_battery_discharging,15m,15,lightgbm_residual_blend,1.0,10.577,0.7386693082661895,11.31566930826619
2026-04-18T05:39:18Z,2026-04-18T15:30:00+10:00,VIC1,gen_battery_discharging,30m,30,lightgbm_residual_blend,1.0,10.577,4.470403104513709,15.047403104513709
2026-04-18T05:39:18Z,2026-04-18T15:30:00+10:00,VIC1,renewables_pct,5m,5,lightgbm_residual_blend,1.0,29.52600370483689,4.437153072447287,33.963156777284176
2026-04-18T05:39:18Z,2026-04-18T15:30:00+10:00,VIC1,renewables_pct,15m,15,lightgbm_residual_blend,1.0,29.52600370483689,13.846562755285563,43.37256646012245
2026-04-18T05:39:18Z,2026-04-18T15:30:00+10:00,VIC1,renewables_pct,30m,30,lightgbm_residual_blend,1.0,29.52600370483689,16.859334706577492,46.38533841141438
2026-04-18T05:43:36Z,2026-04-18T15:35:00+10:00,NSW1,price,5m,5,lightgbm_residual_blend,1.0,-3.0,0.23764136674683728,-2.7623586332531627
2026-04-18T05:43:36Z,2026-04-18T15:35:00+10:00,NSW1,price,15m,15,lightgbm_residual_blend,1.0,-3.0,1.345273822324785,-1.654726177675215
2026-04-18T05:43:36Z,2026-04-18T15:35:00+10:00,NSW1,price,30m,30,lightgbm_residual_blend,0.9500000000000001,-3.0,3.3977434142338883,0.22785624352219402
2026-04-18T05:43:36Z,2026-04-18T15:35:00+10:00,NSW1,demand,5m,5,lightgbm_residual_blend,1.0,5724.74,28.93523535040258,5753.6752353504025
2026-04-18T05:43:36Z,2026-04-18T15:35:00+10:00,NSW1,demand,15m,15,lightgbm_residual_blend,1.0,5724.74,106.503738800958,5831.2437388009575
2026-04-18T05:43:36Z,2026-04-18T15:35:00+10:00,NSW1,demand,30m,30,lightgbm_residual_blend,1.0,5724.74,263.4042117797852,5988.144211779785
2026-04-18T05:43:36Z,2026-04-18T15:35:00+10:00,NSW1,gen_wind,5m,5,lightgbm_residual_blend,1.0,246.3135,-2.0590929510889056,244.2544070489111
2026-04-18T05:43:36Z,2026-04-18T15:35:00+10:00,NSW1,gen_wind,15m,15,lightgbm_residual_blend,0.9,246.3135,-0.7166857751671671,245.66848280234956
2026-04-18T05:43:36Z,2026-04-18T15:35:00+10:00,NSW1,gen_wind,30m,30,lightgbm_residual_blend,0.8500000000000001,246.3135,5.185427790410469,250.7211136218489
2026-04-18T05:43:36Z,2026-04-18T15:35:00+10:00,NSW1,gen_coal_black,5m,5,lightgbm_residual_blend,1.0,3441.6246,32.91110701376561,3474.5357070137657
2026-04-18T05:43:36Z,2026-04-18T15:35:00+10:00,NSW1,gen_coal_black,15m,15,lightgbm_residual_blend,1.0,3441.6246,111.4900387885797,3553.1146387885797
2026-04-18T05:43:36Z,2026-04-18T15:35:00+10:00,NSW1,gen_coal_black,30m,30,lightgbm_residual_blend,1.0,3441.6246,235.8629740274692,3677.4875740274692
2026-04-18T05:43:36Z,2026-04-18T15:35:00+10:00,NSW1,gen_coal_brown,5m,5,lightgbm_residual_blend,0.0,0.0,0.0,0.0
2026-04-18T05:43:36Z,2026-04-18T15:35:00+10:00,NSW1,gen_coal_brown,15m,15,lightgbm_residual_blend,0.0,0.0,0.0,0.0
2026-04-18T05:43:36Z,2026-04-18T15:35:00+10:00,NSW1,gen_coal_brown,30m,30,lightgbm_residual_blend,0.0,0.0,0.0,0.0
2026-04-18T05:43:36Z,2026-04-18T15:35:00+10:00,NSW1,gen_solar_utility,5m,5,lightgbm_residual_blend,1.0,2715.0749,-6.085720538383435,2708.9891794616165
2026-04-18T05:43:36Z,2026-04-18T15:35:00+10:00,NSW1,gen_solar_utility,15m,15,lightgbm_residual_blend,1.0,2715.0749,-28.42399752561901,2686.650902474381
2026-04-18T05:43:36Z,2026-04-18T15:35:00+10:00,NSW1,gen_solar_utility,30m,30,lightgbm_residual_blend,1.0,2715.0749,-74.71164047042485,2640.3632595295753
2026-04-18T05:43:36Z,2026-04-18T15:35:00+10:00,NSW1,gen_hydro,5m,5,lightgbm_residual_blend,1.0,19.4156,0.49644122852134104,19.912041228521343
2026-04-18T05:43:36Z,2026-04-18T15:35:00+10:00,NSW1,gen_hydro,15m,15,lightgbm_residual_blend,0.8,19.4156,3.375151131882303,22.115720905505846
2026-04-18T05:43:36Z,2026-04-18T15:35:00+10:00,NSW1,gen_hydro,30m,30,lightgbm_residual_blend,0.65,19.4156,8.80531340419653,25.139053712727748
2026-04-18T05:43:36Z,2026-04-18T15:35:00+10:00,NSW1,gen_battery_discharging,5m,5,lightgbm_residual_blend,0.6000000000000001,12.1474,0.5880319168226015,12.50021915009356
2026-04-18T05:43:36Z,2026-04-18T15:35:00+10:00,NSW1,gen_battery_discharging,15m,15,lightgbm_residual_blend,1.0,12.1474,2.245403886677778,14.392803886677777
2026-04-18T05:43:36Z,2026-04-18T15:35:00+10:00,NSW1,gen_battery_discharging,30m,30,lightgbm_residual_blend,1.0,12.1474,0.8886587405762377,13.036058740576237
2026-04-18T05:43:36Z,2026-04-18T15:35:00+10:00,NSW1,renewables_pct,5m,5,lightgbm_residual_blend,1.0,46.33132722587288,1.8153668730581805,48.146694098931064
2026-04-18T05:43:36Z,2026-04-18T15:35:00+10:00,NSW1,renewables_pct,15m,15,lightgbm_residual_blend,1.0,46.33132722587288,2.940506923301961,49.27183414917484
2026-04-18T05:43:36Z,2026-04-18T15:35:00+10:00,NSW1,renewables_pct,30m,30,lightgbm_residual_blend,1.0,46.33132722587288,0.8003765695105732,47.13170379538346
2026-04-18T05:43:36Z,2026-04-18T15:35:00+10:00,QLD1,price,5m,5,lightgbm_residual_blend,1.0,-2.61,0.2197507361032657,-2.390249263896734
2026-04-18T05:43:36Z,2026-04-18T15:35:00+10:00,QLD1,price,15m,15,lightgbm_residual_blend,1.0,-2.61,1.6646205828779121,-0.9453794171220877
2026-04-18T05:43:36Z,2026-04-18T15:35:00+10:00,QLD1,price,30m,30,lightgbm_residual_blend,1.0,-2.61,4.563278835570268,1.9532788355702677
2026-04-18T05:43:36Z,2026-04-18T15:35:00+10:00,QLD1,demand,5m,5,lightgbm_residual_blend,1.0,6109.32,-8.64888893893208,6100.671111061068
2026-04-18T05:43:36Z,2026-04-18T15:35:00+10:00,QLD1,demand,15m,15,lightgbm_residual_blend,1.0,6109.32,59.40614956449169,6168.726149564492
2026-04-18T05:43:36Z,2026-04-18T15:35:00+10:00,QLD1,demand,30m,30,lightgbm_residual_blend,1.0,6109.32,137.14314320454375,6246.4631432045435
2026-04-18T05:43:36Z,2026-04-18T15:35:00+10:00,QLD1,gen_wind,5m,5,lightgbm_residual_blend,1.0,145.651,-0.731422905898611,144.9195770941014
2026-04-18T05:43:36Z,2026-04-18T15:35:00+10:00,QLD1,gen_wind,15m,15,lightgbm_residual_blend,0.9500000000000001,145.651,-3.323217988534621,142.49394291089212
2026-04-18T05:43:36Z,2026-04-18T15:35:00+10:00,QLD1,gen_wind,30m,30,lightgbm_residual_blend,0.9,145.651,-7.356810700273818,139.02987036975358
2026-04-18T05:43:36Z,2026-04-18T15:35:00+10:00,QLD1,gen_coal_black,5m,5,lightgbm_residual_blend,0.9,3667.8275,8.568488620905987,3675.539139758815
2026-04-18T05:43:36Z,2026-04-18T15:35:00+10:00,QLD1,gen_coal_black,15m,15,lightgbm_residual_blend,0.9500000000000001,3667.8275,48.461102477808254,3713.865547353918
2026-04-18T05:43:36Z,2026-04-18T15:35:00+10:00,QLD1,gen_coal_black,30m,30,lightgbm_residual_blend,0.9500000000000001,3667.8275,113.78372405011856,3775.9220378476125
2026-04-18T05:43:36Z,2026-04-18T15:35:00+10:00,QLD1,gen_coal_brown,5m,5,lightgbm_residual_blend,0.0,0.0,0.0,0.0
2026-04-18T05:43:36Z,2026-04-18T15:35:00+10:00,QLD1,gen_coal_brown,15m,15,lightgbm_residual_blend,0.0,0.0,0.0,0.0
2026-04-18T05:43:36Z,2026-04-18T15:35:00+10:00,QLD1,gen_coal_brown,30m,30,lightgbm_residual_blend,0.0,0.0,0.0,0.0
2026-04-18T05:43:36Z,2026-04-18T15:35:00+10:00,QLD1,gen_solar_utility,5m,5,lightgbm_residual_blend,1.0,2405.1378,-8.612358901936068,2396.5254410980638
2026-04-18T05:43:36Z,2026-04-18T15:35:00+10:00,QLD1,gen_solar_utility,15m,15,lightgbm_residual_blend,1.0,2405.1378,-9.784012083270383,2395.3537879167297
2026-04-18T05:43:36Z,2026-04-18T15:35:00+10:00,QLD1,gen_solar_utility,30m,30,lightgbm_residual_blend,1.0,2405.1378,-52.796512798224114,2352.3412872017757
2026-04-18T05:43:36Z,2026-04-18T15:35:00+10:00,QLD1,gen_hydro,5m,5,lightgbm_residual_blend,0.8500000000000001,102.275,0.07729530457340515,102.3407010088874
2026-04-18T05:43:36Z,2026-04-18T15:35:00+10:00,QLD1,gen_hydro,15m,15,lightgbm_residual_blend,0.8,102.275,6.460560447787724,107.44344835823019
2026-04-18T05:43:36Z,2026-04-18T15:35:00+10:00,QLD1,gen_hydro,30m,30,lightgbm_residual_blend,0.8,102.275,7.213701909382907,108.04596152750634
2026-04-18T05:43:36Z,2026-04-18T15:35:00+10:00,QLD1,gen_battery_discharging,5m,5,lightgbm_residual_blend,0.9500000000000001,5.7807,0.31257025799737675,6.077641745097508
2026-04-18T05:43:36Z,2026-04-18T15:35:00+10:00,QLD1,gen_battery_discharging,15m,15,lightgbm_residual_blend,1.0,5.7807,5.913598236171961,11.69429823617196
2026-04-18T05:43:36Z,2026-04-18T15:35:00+10:00,QLD1,gen_battery_discharging,30m,30,lightgbm_residual_blend,1.0,5.7807,12.739193856649973,18.519893856649972
2026-04-18T05:43:36Z,2026-04-18T15:35:00+10:00,QLD1,renewables_pct,5m,5,lightgbm_residual_blend,1.0,40.528777168697395,2.6664745646074013,43.195251733304794
2026-04-18T05:43:36Z,2026-04-18T15:35:00+10:00,QLD1,renewables_pct,15m,15,lightgbm_residual_blend,1.0,40.528777168697395,5.7894300377534735,46.31820720645087
2026-04-18T05:43:36Z,2026-04-18T15:35:00+10:00,QLD1,renewables_pct,30m,30,lightgbm_residual_blend,1.0,40.528777168697395,4.432878471384482,44.96165564008188
2026-04-18T05:43:36Z,2026-04-18T15:35:00+10:00,SA1,price,5m,5,lightgbm_residual_blend,1.0,-2.6,0.8436402958988483,-1.7563597041011518
2026-04-18T05:43:36Z,2026-04-18T15:35:00+10:00,SA1,price,15m,15,lightgbm_residual_blend,1.0,-2.6,2.180757279276188,-0.4192427207238123
2026-04-18T05:43:36Z,2026-04-18T15:35:00+10:00,SA1,price,30m,30,lightgbm_residual_blend,1.0,-2.6,4.00724849229093,1.4072484922909303
2026-04-18T05:43:36Z,2026-04-18T15:35:00+10:00,SA1,demand,5m,5,lightgbm_residual_blend,1.0,474.26,-1.9405805345925584,472.3194194654074
2026-04-18T05:43:36Z,2026-04-18T15:35:00+10:00,SA1,demand,15m,15,lightgbm_residual_blend,1.0,474.26,-0.6281659167128021,473.6318340832872
2026-04-18T05:43:36Z,2026-04-18T15:35:00+10:00,SA1,demand,30m,30,lightgbm_residual_blend,1.0,474.26,-0.498048930066787,473.7619510699332
2026-04-18T05:43:36Z,2026-04-18T15:35:00+10:00,SA1,gen_wind,5m,5,lightgbm_residual_blend,1.0,78.2135,-1.6722047256141823,76.54129527438582
2026-04-18T05:43:36Z,2026-04-18T15:35:00+10:00,SA1,gen_wind,15m,15,lightgbm_residual_blend,1.0,78.2135,-1.8121379898426255,76.40136201015737
2026-04-18T05:43:36Z,2026-04-18T15:35:00+10:00,SA1,gen_wind,30m,30,lightgbm_residual_blend,1.0,78.2135,12.423129952599584,90.63662995259958
2026-04-18T05:43:36Z,2026-04-18T15:35:00+10:00,SA1,gen_coal_black,5m,5,lightgbm_residual_blend,0.0,0.0,0.0,0.0
2026-04-18T05:43:36Z,2026-04-18T15:35:00+10:00,SA1,gen_coal_black,15m,15,lightgbm_residual_blend,0.0,0.0,0.0,0.0
2026-04-18T05:43:36Z,2026-04-18T15:35:00+10:00,SA1,gen_coal_black,30m,30,lightgbm_residual_blend,0.0,0.0,0.0,0.0
2026-04-18T05:43:36Z,2026-04-18T15:35:00+10:00,SA1,gen_coal_brown,5m,5,lightgbm_residual_blend,0.0,0.0,0.0,0.0
2026-04-18T05:43:36Z,2026-04-18T15:35:00+10:00,SA1,gen_coal_brown,15m,15,lightgbm_residual_blend,0.0,0.0,0.0,0.0
2026-04-18T05:43:36Z,2026-04-18T15:35:00+10:00,SA1,gen_coal_brown,30m,30,lightgbm_residual_blend,0.0,0.0,0.0,0.0
2026-04-18T05:43:36Z,2026-04-18T15:35:00+10:00,SA1,gen_solar_utility,5m,5,lightgbm_residual_blend,0.65,259.6647,-1.9887280913926793,258.3720267405947
2026-04-18T05:43:36Z,2026-04-18T15:35:00+10:00,SA1,gen_solar_utility,15m,15,lightgbm_residual_blend,0.75,259.6647,-0.1800344328519928,259.529674175361
2026-04-18T05:43:36Z,2026-04-18T15:35:00+10:00,SA1,gen_solar_utility,30m,30,lightgbm_residual_blend,0.7000000000000001,259.6647,-2.4423895359394883,257.9550273248423
2026-04-18T05:43:36Z,2026-04-18T15:35:00+10:00,SA1,gen_hydro,5m,5,lightgbm_residual_blend,0.0,0.0,0.0,0.0
2026-04-18T05:43:36Z,2026-04-18T15:35:00+10:00,SA1,gen_hydro,15m,15,lightgbm_residual_blend,0.0,0.0,0.0,0.0
2026-04-18T05:43:36Z,2026-04-18T15:35:00+10:00,SA1,gen_hydro,30m,30,lightgbm_residual_blend,0.0,0.0,0.0,0.0
2026-04-18T05:43:36Z,2026-04-18T15:35:00+10:00,SA1,gen_battery_discharging,5m,5,lightgbm_residual_blend,1.0,1.29,1.0689577695297012,2.3589577695297015
2026-04-18T05:43:36Z,2026-04-18T15:35:00+10:00,SA1,gen_battery_discharging,15m,15,lightgbm_residual_blend,0.9500000000000001,1.29,-4.216899098459812,0.0
2026-04-18T05:43:36Z,2026-04-18T15:35:00+10:00,SA1,gen_battery_discharging,30m,30,lightgbm_residual_blend,0.8500000000000001,1.29,-2.610151776481627,0.0
2026-04-18T05:43:36Z,2026-04-18T15:35:00+10:00,SA1,renewables_pct,5m,5,lightgbm_residual_blend,1.0,80.06206335882405,4.511829130918419,84.57389248974246
2026-04-18T05:43:36Z,2026-04-18T15:35:00+10:00,SA1,renewables_pct,15m,15,lightgbm_residual_blend,0.9500000000000001,80.06206335882405,15.110026731102138,94.41658875337109
2026-04-18T05:43:36Z,2026-04-18T15:35:00+10:00,SA1,renewables_pct,30m,30,lightgbm_residual_blend,0.9,80.06206335882405,14.97885588106853,93.54303365178572
2026-04-18T05:43:36Z,2026-04-18T15:35:00+10:00,TAS1,price,5m,5,lightgbm_residual_blend,1.0,71.54,0.029881659708201665,71.5698816597082
2026-04-18T05:43:36Z,2026-04-18T15:35:00+10:00,TAS1,price,15m,15,lightgbm_residual_blend,1.0,71.54,0.04882399895550909,71.58882399895552
2026-04-18T05:43:36Z,2026-04-18T15:35:00+10:00,TAS1,price,30m,30,lightgbm_residual_blend,1.0,71.54,0.5668552989572526,72.10685529895726
2026-04-18T05:43:36Z,2026-04-18T15:35:00+10:00,TAS1,demand,5m,5,lightgbm_residual_blend,1.0,992.84,-0.6529732853464755,992.1870267146536
2026-04-18T05:43:36Z,2026-04-18T15:35:00+10:00,TAS1,demand,15m,15,lightgbm_residual_blend,1.0,992.84,1.2597469794411866,994.0997469794412
2026-04-18T05:43:36Z,2026-04-18T15:35:00+10:00,TAS1,demand,30m,30,lightgbm_residual_blend,1.0,992.84,4.602802396014075,997.4428023960141
2026-04-18T05:43:36Z,2026-04-18T15:35:00+10:00,TAS1,gen_wind,5m,5,lightgbm_residual_blend,0.5,130.5201,0.4502972863342639,130.74524864316714
2026-04-18T05:43:36Z,2026-04-18T15:35:00+10:00,TAS1,gen_wind,15m,15,lightgbm_residual_blend,0.8500000000000001,130.5201,0.8514833421519021,131.24386084082914
2026-04-18T05:43:36Z,2026-04-18T15:35:00+10:00,TAS1,gen_wind,30m,30,lightgbm_residual_blend,0.8500000000000001,130.5201,1.3246015496822638,131.64601131722995
2026-04-18T05:43:36Z,2026-04-18T15:35:00+10:00,TAS1,gen_coal_black,5m,5,lightgbm_residual_blend,0.0,0.0,0.0,0.0
2026-04-18T05:43:36Z,2026-04-18T15:35:00+10:00,TAS1,gen_coal_black,15m,15,lightgbm_residual_blend,0.0,0.0,0.0,0.0
2026-04-18T05:43:36Z,2026-04-18T15:35:00+10:00,TAS1,gen_coal_black,30m,30,lightgbm_residual_blend,0.0,0.0,0.0,0.0
2026-04-18T05:43:36Z,2026-04-18T15:35:00+10:00,TAS1,gen_coal_brown,5m,5,lightgbm_residual_blend,0.0,0.0,0.0,0.0
2026-04-18T05:43:36Z,2026-04-18T15:35:00+10:00,TAS1,gen_coal_brown,15m,15,lightgbm_residual_blend,0.0,0.0,0.0,0.0
2026-04-18T05:43:36Z,2026-04-18T15:35:00+10:00,TAS1,gen_coal_brown,30m,30,lightgbm_residual_blend,0.0,0.0,0.0,0.0
2026-04-18T05:43:36Z,2026-04-18T15:35:00+10:00,TAS1,gen_solar_utility,5m,5,lightgbm_residual_blend,0.0,0.0,0.0,0.0
2026-04-18T05:43:36Z,2026-04-18T15:35:00+10:00,TAS1,gen_solar_utility,15m,15,lightgbm_residual_blend,0.0,0.0,0.0,0.0
2026-04-18T05:43:36Z,2026-04-18T15:35:00+10:00,TAS1,gen_solar_utility,30m,30,lightgbm_residual_blend,0.0,0.0,0.0,0.0
2026-04-18T05:43:36Z,2026-04-18T15:35:00+10:00,TAS1,gen_hydro,5m,5,lightgbm_residual_blend,0.9500000000000001,765.2307,-9.990807542315155,755.7394328348006
2026-04-18T05:43:36Z,2026-04-18T15:35:00+10:00,TAS1,gen_hydro,15m,15,lightgbm_residual_blend,1.0,765.2307,-2.209833850373797,763.0208661496262
2026-04-18T05:43:36Z,2026-04-18T15:35:00+10:00,TAS1,gen_hydro,30m,30,lightgbm_residual_blend,1.0,765.2307,2.377661927726871,767.6083619277268
2026-04-18T05:43:36Z,2026-04-18T15:35:00+10:00,TAS1,gen_battery_discharging,5m,5,lightgbm_residual_blend,0.0,0.0,0.0,0.0
2026-04-18T05:43:36Z,2026-04-18T15:35:00+10:00,TAS1,gen_battery_discharging,15m,15,lightgbm_residual_blend,0.0,0.0,0.0,0.0
2026-04-18T05:43:36Z,2026-04-18T15:35:00+10:00,TAS1,gen_battery_discharging,30m,30,lightgbm_residual_blend,0.0,0.0,0.0,0.0
2026-04-18T05:43:36Z,2026-04-18T15:35:00+10:00,TAS1,renewables_pct,5m,5,lightgbm_residual_blend,0.15000000000000002,100.0,-0.0004901622812912142,99.9999264756578
2026-04-18T05:43:36Z,2026-04-18T15:35:00+10:00,TAS1,renewables_pct,15m,15,lightgbm_residual_blend,0.15000000000000002,100.0,-0.0007075677223610562,99.99989386484165
2026-04-18T05:43:36Z,2026-04-18T15:35:00+10:00,TAS1,renewables_pct,30m,30,lightgbm_residual_blend,0.1,100.0,-0.0012774199435728573,99.99987225800564
2026-04-18T05:43:36Z,2026-04-18T15:35:00+10:00,VIC1,price,5m,5,lightgbm_residual_blend,1.0,-2.69,0.0977037842015082,-2.5922962157984917
2026-04-18T05:43:36Z,2026-04-18T15:35:00+10:00,VIC1,price,15m,15,lightgbm_residual_blend,1.0,-2.69,1.0888249537684156,-1.6011750462315844
2026-04-18T05:43:36Z,2026-04-18T15:35:00+10:00,VIC1,price,30m,30,lightgbm_residual_blend,1.0,-2.69,1.6829504060108864,-1.0070495939891135
2026-04-18T05:43:36Z,2026-04-18T15:35:00+10:00,VIC1,demand,5m,5,lightgbm_residual_blend,1.0,3597.51,8.503663260907265,3606.0136632609074
2026-04-18T05:43:36Z,2026-04-18T15:35:00+10:00,VIC1,demand,15m,15,lightgbm_residual_blend,1.0,3597.51,32.25809937691221,3629.7680993769122
2026-04-18T05:43:36Z,2026-04-18T15:35:00+10:00,VIC1,demand,30m,30,lightgbm_residual_blend,1.0,3597.51,95.63587539923512,3693.145875399235
2026-04-18T05:43:36Z,2026-04-18T15:35:00+10:00,VIC1,gen_wind,5m,5,lightgbm_residual_blend,1.0,103.5407,4.857721038477946,108.39842103847795
2026-04-18T05:43:36Z,2026-04-18T15:35:00+10:00,VIC1,gen_wind,15m,15,lightgbm_residual_blend,1.0,103.5407,25.72979785176408,129.27049785176408
2026-04-18T05:43:36Z,2026-04-18T15:35:00+10:00,VIC1,gen_wind,30m,30,lightgbm_residual_blend,1.0,103.5407,57.16258418626425,160.70328418626426
2026-04-18T05:43:36Z,2026-04-18T15:35:00+10:00,VIC1,gen_coal_black,5m,5,lightgbm_residual_blend,0.0,0.0,0.0,0.0
2026-04-18T05:43:36Z,2026-04-18T15:35:00+10:00,VIC1,gen_coal_black,15m,15,lightgbm_residual_blend,0.0,0.0,0.0,0.0
2026-04-18T05:43:36Z,2026-04-18T15:35:00+10:00,VIC1,gen_coal_black,30m,30,lightgbm_residual_blend,0.0,0.0,0.0,0.0
2026-04-18T05:43:36Z,2026-04-18T15:35:00+10:00,VIC1,gen_coal_brown,5m,5,lightgbm_residual_blend,1.0,2843.8126,8.328505652686092,2852.1411056526863
2026-04-18T05:43:36Z,2026-04-18T15:35:00+10:00,VIC1,gen_coal_brown,15m,15,lightgbm_residual_blend,1.0,2843.8126,37.63259220676294,2881.4451922067633
2026-04-18T05:43:36Z,2026-04-18T15:35:00+10:00,VIC1,gen_coal_brown,30m,30,lightgbm_residual_blend,1.0,2843.8126,99.51788586162198,2943.330485861622
2026-04-18T05:43:36Z,2026-04-18T15:35:00+10:00,VIC1,gen_solar_utility,5m,5,lightgbm_residual_blend,0.9,1089.7686,-1.1578825036827571,1088.7265057466857
2026-04-18T05:43:36Z,2026-04-18T15:35:00+10:00,VIC1,gen_solar_utility,15m,15,lightgbm_residual_blend,0.8500000000000001,1089.7686,7.112104006545608,1095.8138884055638
2026-04-18T05:43:36Z,2026-04-18T15:35:00+10:00,VIC1,gen_solar_utility,30m,30,lightgbm_residual_blend,0.8500000000000001,1089.7686,13.20346572885147,1100.9915458695239
2026-04-18T05:43:36Z,2026-04-18T15:35:00+10:00,VIC1,gen_hydro,5m,5,lightgbm_residual_blend,0.7000000000000001,0.22,-3.395347853675474,0.0
2026-04-18T05:43:36Z,2026-04-18T15:35:00+10:00,VIC1,gen_hydro,15m,15,lightgbm_residual_blend,0.9500000000000001,0.22,-7.409945820797026,0.0
2026-04-18T05:43:36Z,2026-04-18T15:35:00+10:00,VIC1,gen_hydro,30m,30,lightgbm_residual_blend,1.0,0.22,-17.163360455815543,0.0
2026-04-18T05:43:36Z,2026-04-18T15:35:00+10:00,VIC1,gen_battery_discharging,5m,5,lightgbm_residual_blend,1.0,26.3303,2.2184395215243295,28.548739521524332
2026-04-18T05:43:36Z,2026-04-18T15:35:00+10:00,VIC1,gen_battery_discharging,15m,15,lightgbm_residual_blend,1.0,26.3303,2.781023243114049,29.11132324311405
2026-04-18T05:43:36Z,2026-04-18T15:35:00+10:00,VIC1,gen_battery_discharging,30m,30,lightgbm_residual_blend,1.0,26.3303,4.674240065735063,31.004540065735064
2026-04-18T05:43:36Z,2026-04-18T15:35:00+10:00,VIC1,renewables_pct,5m,5,lightgbm_residual_blend,1.0,29.878574926761516,4.0704461811269645,33.949021107888484
2026-04-18T05:43:36Z,2026-04-18T15:35:00+10:00,VIC1,renewables_pct,15m,15,lightgbm_residual_blend,1.0,29.878574926761516,12.693250781019339,42.57182570778085
2026-04-18T05:43:36Z,2026-04-18T15:35:00+10:00,VIC1,renewables_pct,30m,30,lightgbm_residual_blend,1.0,29.878574926761516,13.815523236989401,43.694098163750915
